dataset,method,random_state_value,min_support,max_depth,duration,train_acc,test_acc,reconstructed_dataset_entropy,no_knowledge_dataset_entropy,n_elementary_tokens,n_branches_rules,entropy_reduction_ratio,average_tokens_per_examples,n_elementary_tokens_path,leaves_support,sorted_leaves_single_example_entropy_list
compas,sklearn_DT,0,0.01,1,0.003141199005767703,0.6340322301160978,0.6243936243936244,150046.0,155817.0,1,2,0.9629629629629629,1.0,2,"[3927.0, 1844.0]","[26.0, 26.0]"
compas,sklearn_DT,0,0.01,2,0.0041917909402400255,0.6340322301160978,0.6243936243936244,144275.0,155817.0,3,4,0.9259259259259259,2.0,8,"[1858.0, 2069.0, 600.0, 1244.0]","[25.0, 25.0, 25.0, 25.0]"
compas,sklearn_DT,0,0.01,3,0.005140997003763914,0.663143302720499,0.6576576576576577,138504.0,155817.0,7,8,0.8888888888888888,3.0,24,"[1047.0, 811.0, 893.0, 1176.0, 227.0, 373.0, 375.0, 869.0]","[24.0, 24.0, 24.0, 24.0, 24.0, 24.0, 24.0, 24.0]"
compas,sklearn_DT,0,0.01,4,0.006449383916333318,0.6704210708715994,0.6826056826056826,132733.0,155817.0,15,16,0.8518518518518519,4.0,64,"[964.0, 83.0, 486.0, 325.0, 436.0, 457.0, 564.0, 612.0, 112.0, 115.0, 280.0, 93.0, 154.0, 221.0, 200.0, 669.0]","[23.0, 23.0, 23.0, 23.0, 23.0, 23.0, 23.0, 23.0, 23.0, 23.0, 23.0, 23.0, 23.0, 23.0, 23.0, 23.0]"
compas,sklearn_DT,0,0.01,5,0.006080989958718419,0.6771789984404782,0.6722106722106722,127365.0,155817.0,27,28,0.8174011821559907,4.930168081788252,136,"[386.0, 578.0, 83.0, 139.0, 347.0, 66.0, 259.0, 130.0, 434.0, 295.0, 317.0, 250.0, 186.0, 343.0, 114.0, 112.0, 115.0, 222.0, 58.0, 93.0, 85.0, 69.0, 102.0, 119.0, 120.0, 80.0, 375.0, 294.0]","[22.0, 22.0, 23.0, 22.0, 22.0, 22.0, 22.0, 22.0, 22.0, 22.0, 22.0, 22.0, 22.0, 22.0, 22.0, 23.0, 23.0, 22.0, 22.0, 23.0, 22.0, 22.0, 22.0, 22.0, 22.0, 22.0, 22.0, 22.0]"
compas,sklearn_DT,0,0.01,6,0.008130626054480672,0.6799514815456593,0.6715176715176715,122696.0,155817.0,43,44,0.7874365441511517,5.739213307918905,248,"[70.0, 316.0, 432.0, 146.0, 83.0, 67.0, 72.0, 66.0, 281.0, 66.0, 193.0, 66.0, 90.0, 160.0, 111.0, 75.0, 174.0, 169.0, 57.0, 57.0, 68.0, 62.0, 271.0, 163.0, 58.0, 237.0, 57.0, 260.0, 112.0, 115.0, 147.0, 75.0, 58.0, 93.0, 85.0, 69.0, 102.0, 119.0, 120.0, 80.0, 131.0, 244.0, 228.0, 66.0]","[21.0, 21.0, 21.0, 21.0, 23.0, 21.0, 21.0, 21.0, 21.0, 22.0, 21.0, 21.0, 21.0, 21.0, 21.0, 21.0, 21.0, 21.0, 21.0, 21.0, 21.0, 21.0, 21.0, 21.0, 21.0, 21.0, 21.0, 21.0, 23.0, 23.0, 21.0, 21.0, 22.0, 23.0, 22.0, 22.0, 22.0, 22.0, 22.0, 22.0, 21.0, 21.0, 21.0, 21.0]"
compas,sklearn_DT,0,0.01,7,0.007031525019556284,0.6799514815456593,0.6715176715176715,119737.0,155817.0,55,56,0.7684463184376544,6.251949402183331,344,"[70.0, 158.0, 158.0, 356.0, 76.0, 146.0, 83.0, 67.0, 72.0, 66.0, 159.0, 122.0, 66.0, 88.0, 105.0, 66.0, 90.0, 66.0, 94.0, 111.0, 75.0, 72.0, 102.0, 169.0, 57.0, 57.0, 68.0, 62.0, 164.0, 107.0, 94.0, 69.0, 58.0, 147.0, 90.0, 57.0, 150.0, 110.0, 112.0, 115.0, 147.0, 75.0, 58.0, 93.0, 85.0, 69.0, 102.0, 119.0, 120.0, 80.0, 131.0, 183.0, 61.0, 147.0, 81.0, 66.0]","[21.0, 20.0, 20.0, 20.0, 20.0, 21.0, 23.0, 21.0, 21.0, 21.0, 20.0, 20.0, 22.0, 20.0, 20.0, 21.0, 21.0, 20.0, 20.0, 21.0, 21.0, 20.0, 20.0, 21.0, 21.0, 21.0, 21.0, 21.0, 20.0, 20.0, 20.0, 20.0, 21.0, 20.0, 20.0, 21.0, 20.0, 20.0, 23.0, 23.0, 21.0, 21.0, 22.0, 23.0, 22.0, 22.0, 22.0, 22.0, 22.0, 22.0, 21.0, 20.0, 20.0, 20.0, 20.0, 21.0]"
compas,sklearn_DT,0,0.01,8,0.0077311990316957235,0.6799514815456593,0.6715176715176715,118942.0,155817.0,59,60,0.7633441793899254,6.389707156472015,380,"[70.0, 158.0, 70.0, 88.0, 66.0, 290.0, 76.0, 146.0, 83.0, 67.0, 72.0, 66.0, 90.0, 69.0, 62.0, 60.0, 66.0, 88.0, 105.0, 66.0, 90.0, 66.0, 94.0, 111.0, 75.0, 72.0, 102.0, 169.0, 57.0, 57.0, 68.0, 62.0, 164.0, 107.0, 94.0, 69.0, 58.0, 147.0, 90.0, 57.0, 150.0, 110.0, 112.0, 115.0, 147.0, 75.0, 58.0, 93.0, 85.0, 69.0, 102.0, 119.0, 120.0, 80.0, 131.0, 183.0, 61.0, 147.0, 81.0, 66.0]","[21.0, 20.0, 19.0, 19.0, 19.0, 19.0, 20.0, 21.0, 23.0, 21.0, 21.0, 21.0, 19.0, 19.0, 19.0, 19.0, 22.0, 20.0, 20.0, 21.0, 21.0, 20.0, 20.0, 21.0, 21.0, 20.0, 20.0, 21.0, 21.0, 21.0, 21.0, 21.0, 20.0, 20.0, 20.0, 20.0, 21.0, 20.0, 20.0, 21.0, 20.0, 20.0, 23.0, 23.0, 21.0, 21.0, 22.0, 23.0, 22.0, 22.0, 22.0, 22.0, 22.0, 22.0, 21.0, 20.0, 20.0, 20.0, 20.0, 21.0]"
compas,sklearn_DT,0,0.01,9,0.007289599860087037,0.6802980419338069,0.6742896742896742,118652.0,155817.0,60,61,0.7614830217498733,6.439958412753422,390,"[70.0, 158.0, 70.0, 88.0, 66.0, 66.0, 224.0, 76.0, 146.0, 83.0, 67.0, 72.0, 66.0, 90.0, 69.0, 62.0, 60.0, 66.0, 88.0, 105.0, 66.0, 68.0, 62.0, 164.0, 107.0, 94.0, 69.0, 58.0, 147.0, 90.0, 57.0, 150.0, 110.0, 90.0, 66.0, 94.0, 111.0, 75.0, 72.0, 102.0, 169.0, 57.0, 57.0, 112.0, 115.0, 147.0, 75.0, 58.0, 93.0, 85.0, 69.0, 102.0, 119.0, 120.0, 80.0, 131.0, 183.0, 61.0, 147.0, 81.0, 66.0]","[21.0, 20.0, 19.0, 19.0, 19.0, 18.0, 18.0, 20.0, 21.0, 23.0, 21.0, 21.0, 21.0, 19.0, 19.0, 19.0, 19.0, 22.0, 20.0, 20.0, 21.0, 21.0, 21.0, 20.0, 20.0, 20.0, 20.0, 21.0, 20.0, 20.0, 21.0, 20.0, 20.0, 21.0, 20.0, 20.0, 21.0, 21.0, 20.0, 20.0, 21.0, 21.0, 21.0, 23.0, 23.0, 21.0, 21.0, 22.0, 23.0, 22.0, 22.0, 22.0, 22.0, 22.0, 22.0, 21.0, 20.0, 20.0, 20.0, 20.0, 21.0]"
compas,sklearn_DT,0,0.01,10,0.0074953050352633,0.6802980419338069,0.6742896742896742,118428.0,155817.0,61,62,0.7600454379175572,6.478773176225958,401,"[70.0, 158.0, 70.0, 88.0, 66.0, 66.0, 147.0, 77.0, 76.0, 146.0, 83.0, 67.0, 72.0, 66.0, 90.0, 69.0, 62.0, 60.0, 66.0, 88.0, 105.0, 66.0, 68.0, 62.0, 164.0, 107.0, 94.0, 69.0, 58.0, 147.0, 90.0, 57.0, 150.0, 110.0, 90.0, 66.0, 94.0, 111.0, 75.0, 72.0, 102.0, 169.0, 57.0, 57.0, 112.0, 115.0, 147.0, 75.0, 58.0, 93.0, 85.0, 69.0, 102.0, 119.0, 120.0, 80.0, 131.0, 183.0, 61.0, 147.0, 81.0, 66.0]","[21.0, 20.0, 19.0, 19.0, 19.0, 18.0, 17.0, 17.0, 20.0, 21.0, 23.0, 21.0, 21.0, 21.0, 19.0, 19.0, 19.0, 19.0, 22.0, 20.0, 20.0, 21.0, 21.0, 21.0, 20.0, 20.0, 20.0, 20.0, 21.0, 20.0, 20.0, 21.0, 20.0, 20.0, 21.0, 20.0, 20.0, 21.0, 21.0, 20.0, 20.0, 21.0, 21.0, 21.0, 23.0, 23.0, 21.0, 21.0, 22.0, 23.0, 22.0, 22.0, 22.0, 22.0, 22.0, 22.0, 21.0, 20.0, 20.0, 20.0, 20.0, 21.0]"
compas,sklearn_DT,0,0.02,1,0.0029164429288357496,0.6340322301160978,0.6243936243936244,150046.0,155817.0,1,2,0.9629629629629629,1.0,2,"[3927.0, 1844.0]","[26.0, 26.0]"
compas,sklearn_DT,0,0.02,2,0.004336277022957802,0.6340322301160978,0.6243936243936244,144275.0,155817.0,3,4,0.9259259259259259,2.0,8,"[1858.0, 2069.0, 600.0, 1244.0]","[25.0, 25.0, 25.0, 25.0]"
compas,sklearn_DT,0,0.02,3,0.005660573951900005,0.663143302720499,0.6576576576576577,138504.0,155817.0,7,8,0.8888888888888888,3.0,24,"[1047.0, 811.0, 893.0, 1176.0, 227.0, 373.0, 375.0, 869.0]","[24.0, 24.0, 24.0, 24.0, 24.0, 24.0, 24.0, 24.0]"
compas,sklearn_DT,0,0.02,4,0.005659752991050482,0.6704210708715994,0.6826056826056826,132960.0,155817.0,14,15,0.8533086890390651,3.9606653959452434,59,"[737.0, 310.0, 486.0, 325.0, 436.0, 457.0, 564.0, 612.0, 227.0, 249.0, 124.0, 154.0, 221.0, 200.0, 669.0]","[23.0, 23.0, 23.0, 23.0, 23.0, 23.0, 23.0, 23.0, 24.0, 23.0, 23.0, 23.0, 23.0, 23.0, 23.0]"
compas,sklearn_DT,0,0.02,5,0.00647176499478519,0.6747530757234448,0.683991683991684,128364.0,155817.0,23,24,0.8238125493367219,4.757061167908508,113,"[305.0, 432.0, 137.0, 173.0, 139.0, 347.0, 145.0, 180.0, 250.0, 186.0, 268.0, 189.0, 130.0, 434.0, 295.0, 317.0, 227.0, 249.0, 124.0, 154.0, 221.0, 200.0, 375.0, 294.0]","[22.0, 22.0, 22.0, 22.0, 22.0, 22.0, 22.0, 22.0, 22.0, 22.0, 22.0, 22.0, 22.0, 22.0, 22.0, 22.0, 24.0, 23.0, 23.0, 23.0, 23.0, 23.0, 22.0, 22.0]"
compas,sklearn_DT,0,0.02,6,0.007669277023524046,0.6747530757234448,0.683991683991684,125610.0,155817.0,31,32,0.8061379695411925,5.2342748223878015,169,"[169.0, 136.0, 191.0, 241.0, 137.0, 173.0, 139.0, 199.0, 148.0, 145.0, 180.0, 130.0, 271.0, 163.0, 295.0, 186.0, 131.0, 132.0, 118.0, 186.0, 268.0, 189.0, 227.0, 249.0, 124.0, 154.0, 221.0, 200.0, 131.0, 244.0, 124.0, 170.0]","[21.0, 21.0, 21.0, 21.0, 22.0, 22.0, 22.0, 21.0, 21.0, 22.0, 22.0, 22.0, 21.0, 21.0, 22.0, 21.0, 21.0, 21.0, 21.0, 22.0, 22.0, 22.0, 24.0, 23.0, 23.0, 23.0, 23.0, 23.0, 21.0, 21.0, 21.0, 21.0]"
compas,sklearn_DT,0,0.02,7,0.006448348052799702,0.6747530757234448,0.683991683991684,125610.0,155817.0,31,32,0.8061379695411925,5.2342748223878015,169,"[169.0, 136.0, 191.0, 241.0, 137.0, 173.0, 139.0, 199.0, 148.0, 145.0, 180.0, 130.0, 271.0, 163.0, 295.0, 186.0, 131.0, 132.0, 118.0, 186.0, 268.0, 189.0, 227.0, 249.0, 124.0, 154.0, 221.0, 200.0, 131.0, 244.0, 124.0, 170.0]","[21.0, 21.0, 21.0, 21.0, 22.0, 22.0, 22.0, 21.0, 21.0, 22.0, 22.0, 22.0, 21.0, 21.0, 22.0, 21.0, 21.0, 21.0, 21.0, 22.0, 22.0, 22.0, 24.0, 23.0, 23.0, 23.0, 23.0, 23.0, 21.0, 21.0, 21.0, 21.0]"
compas,sklearn_DT,0,0.02,8,0.007894810056313872,0.6747530757234448,0.683991683991684,125610.0,155817.0,31,32,0.8061379695411925,5.2342748223878015,169,"[169.0, 136.0, 191.0, 241.0, 137.0, 173.0, 139.0, 199.0, 148.0, 145.0, 180.0, 130.0, 271.0, 163.0, 295.0, 186.0, 131.0, 132.0, 118.0, 186.0, 268.0, 189.0, 227.0, 249.0, 124.0, 154.0, 221.0, 200.0, 131.0, 244.0, 124.0, 170.0]","[21.0, 21.0, 21.0, 21.0, 22.0, 22.0, 22.0, 21.0, 21.0, 22.0, 22.0, 22.0, 21.0, 21.0, 22.0, 21.0, 21.0, 21.0, 21.0, 22.0, 22.0, 22.0, 24.0, 23.0, 23.0, 23.0, 23.0, 23.0, 21.0, 21.0, 21.0, 21.0]"
compas,sklearn_DT,0,0.02,9,0.006628463044762611,0.6747530757234448,0.683991683991684,125610.0,155817.0,31,32,0.8061379695411925,5.2342748223878015,169,"[169.0, 136.0, 191.0, 241.0, 137.0, 173.0, 139.0, 199.0, 148.0, 145.0, 180.0, 130.0, 271.0, 163.0, 295.0, 186.0, 131.0, 132.0, 118.0, 186.0, 268.0, 189.0, 227.0, 249.0, 124.0, 154.0, 221.0, 200.0, 131.0, 244.0, 124.0, 170.0]","[21.0, 21.0, 21.0, 21.0, 22.0, 22.0, 22.0, 21.0, 21.0, 22.0, 22.0, 22.0, 21.0, 21.0, 22.0, 21.0, 21.0, 21.0, 21.0, 22.0, 22.0, 22.0, 24.0, 23.0, 23.0, 23.0, 23.0, 23.0, 21.0, 21.0, 21.0, 21.0]"
compas,sklearn_DT,0,0.02,10,0.006618819897994399,0.6747530757234448,0.683991683991684,125610.0,155817.0,31,32,0.8061379695411925,5.2342748223878015,169,"[169.0, 136.0, 191.0, 241.0, 137.0, 173.0, 139.0, 199.0, 148.0, 145.0, 180.0, 130.0, 271.0, 163.0, 295.0, 186.0, 131.0, 132.0, 118.0, 186.0, 268.0, 189.0, 227.0, 249.0, 124.0, 154.0, 221.0, 200.0, 131.0, 244.0, 124.0, 170.0]","[21.0, 21.0, 21.0, 21.0, 22.0, 22.0, 22.0, 21.0, 21.0, 22.0, 22.0, 22.0, 21.0, 21.0, 22.0, 21.0, 21.0, 21.0, 21.0, 22.0, 22.0, 22.0, 24.0, 23.0, 23.0, 23.0, 23.0, 23.0, 21.0, 21.0, 21.0, 21.0]"
compas,sklearn_DT,0,0.03,1,0.0031881530303508043,0.6340322301160978,0.6243936243936244,150046.0,155817.0,1,2,0.9629629629629629,1.0,2,"[3927.0, 1844.0]","[26.0, 26.0]"
compas,sklearn_DT,0,0.03,2,0.004195592133328319,0.6340322301160978,0.6243936243936244,144275.0,155817.0,3,4,0.9259259259259259,2.0,8,"[1858.0, 2069.0, 600.0, 1244.0]","[25.0, 25.0, 25.0, 25.0]"
compas,sklearn_DT,0,0.03,3,0.005190362920984626,0.663143302720499,0.6576576576576577,138504.0,155817.0,7,8,0.8888888888888888,3.0,24,"[1047.0, 811.0, 893.0, 1176.0, 227.0, 373.0, 375.0, 869.0]","[24.0, 24.0, 24.0, 24.0, 24.0, 24.0, 24.0, 24.0]"
compas,sklearn_DT,0,0.03,4,0.0069064851850271225,0.6697279500953041,0.674982674982675,133333.0,155817.0,13,14,0.85570252283127,3.8960318835557097,54,"[737.0, 310.0, 486.0, 325.0, 436.0, 457.0, 564.0, 612.0, 227.0, 373.0, 187.0, 188.0, 200.0, 669.0]","[23.0, 23.0, 23.0, 23.0, 23.0, 23.0, 23.0, 23.0, 24.0, 24.0, 23.0, 23.0, 23.0, 23.0]"
compas,sklearn_DT,0,0.03,5,0.006056722952052951,0.6740599549471495,0.6763686763686764,129372.0,155817.0,20,21,0.8302816765821445,4.582394732282101,96,"[305.0, 432.0, 310.0, 252.0, 234.0, 325.0, 250.0, 186.0, 268.0, 189.0, 347.0, 217.0, 295.0, 317.0, 227.0, 373.0, 187.0, 188.0, 200.0, 375.0, 294.0]","[22.0, 22.0, 23.0, 22.0, 22.0, 23.0, 22.0, 22.0, 22.0, 22.0, 22.0, 22.0, 22.0, 22.0, 24.0, 24.0, 23.0, 23.0, 23.0, 22.0, 22.0]"
compas,sklearn_DT,0,0.03,6,0.0060754939913749695,0.6740599549471495,0.6763686763686764,128940.0,155817.0,21,22,0.8275091934769634,4.657251776121989,103,"[305.0, 191.0, 241.0, 310.0, 252.0, 234.0, 325.0, 347.0, 217.0, 295.0, 317.0, 250.0, 186.0, 268.0, 189.0, 227.0, 373.0, 187.0, 188.0, 200.0, 375.0, 294.0]","[22.0, 21.0, 21.0, 23.0, 22.0, 22.0, 23.0, 22.0, 22.0, 22.0, 22.0, 22.0, 22.0, 22.0, 22.0, 24.0, 24.0, 23.0, 23.0, 23.0, 22.0, 22.0]"
compas,sklearn_DT,0,0.03,7,0.006345566129311919,0.6740599549471495,0.6763686763686764,128940.0,155817.0,21,22,0.8275091934769634,4.657251776121989,103,"[305.0, 191.0, 241.0, 310.0, 252.0, 234.0, 325.0, 347.0, 217.0, 295.0, 317.0, 250.0, 186.0, 268.0, 189.0, 227.0, 373.0, 187.0, 188.0, 200.0, 375.0, 294.0]","[22.0, 21.0, 21.0, 23.0, 22.0, 22.0, 23.0, 22.0, 22.0, 22.0, 22.0, 22.0, 22.0, 22.0, 22.0, 24.0, 24.0, 23.0, 23.0, 23.0, 22.0, 22.0]"
compas,sklearn_DT,0,0.03,8,0.00793442502617836,0.6740599549471495,0.6763686763686764,128940.0,155817.0,21,22,0.8275091934769634,4.657251776121989,103,"[305.0, 191.0, 241.0, 310.0, 252.0, 234.0, 325.0, 347.0, 217.0, 295.0, 317.0, 250.0, 186.0, 268.0, 189.0, 227.0, 373.0, 187.0, 188.0, 200.0, 375.0, 294.0]","[22.0, 21.0, 21.0, 23.0, 22.0, 22.0, 23.0, 22.0, 22.0, 22.0, 22.0, 22.0, 22.0, 22.0, 22.0, 24.0, 24.0, 23.0, 23.0, 23.0, 22.0, 22.0]"
compas,sklearn_DT,0,0.03,9,0.006153872003778815,0.6740599549471495,0.6763686763686764,128940.0,155817.0,21,22,0.8275091934769634,4.657251776121989,103,"[305.0, 191.0, 241.0, 310.0, 252.0, 234.0, 325.0, 347.0, 217.0, 295.0, 317.0, 250.0, 186.0, 268.0, 189.0, 227.0, 373.0, 187.0, 188.0, 200.0, 375.0, 294.0]","[22.0, 21.0, 21.0, 23.0, 22.0, 22.0, 23.0, 22.0, 22.0, 22.0, 22.0, 22.0, 22.0, 22.0, 22.0, 24.0, 24.0, 23.0, 23.0, 23.0, 22.0, 22.0]"
compas,sklearn_DT,0,0.03,10,0.007745512994006276,0.6740599549471495,0.6763686763686764,128940.0,155817.0,21,22,0.8275091934769634,4.657251776121989,103,"[305.0, 191.0, 241.0, 310.0, 252.0, 234.0, 325.0, 347.0, 217.0, 295.0, 317.0, 250.0, 186.0, 268.0, 189.0, 227.0, 373.0, 187.0, 188.0, 200.0, 375.0, 294.0]","[22.0, 21.0, 21.0, 23.0, 22.0, 22.0, 23.0, 22.0, 22.0, 22.0, 22.0, 22.0, 22.0, 22.0, 22.0, 24.0, 24.0, 23.0, 23.0, 23.0, 22.0, 22.0]"
compas,sklearn_DT,0,0.04,1,0.0036513099912554026,0.6340322301160978,0.6243936243936244,150046.0,155817.0,1,2,0.9629629629629629,1.0,2,"[3927.0, 1844.0]","[26.0, 26.0]"
compas,sklearn_DT,0,0.04,2,0.004162602126598358,0.6340322301160978,0.6243936243936244,144275.0,155817.0,3,4,0.9259259259259259,2.0,8,"[1858.0, 2069.0, 600.0, 1244.0]","[25.0, 25.0, 25.0, 25.0]"
compas,sklearn_DT,0,0.04,3,0.005300919990986586,0.663143302720499,0.6576576576576577,139104.0,155817.0,6,7,0.892739559868307,2.8960318835557097,20,"[1047.0, 811.0, 893.0, 1176.0, 600.0, 375.0, 869.0]","[24.0, 24.0, 24.0, 24.0, 25.0, 24.0, 24.0]"
compas,sklearn_DT,0,0.04,4,0.005968932062387466,0.6674753075723445,0.6694386694386695,134308.0,155817.0,11,12,0.8619598631728246,3.7270836943337375,45,"[737.0, 310.0, 486.0, 325.0, 436.0, 457.0, 564.0, 612.0, 600.0, 375.0, 555.0, 314.0]","[23.0, 23.0, 23.0, 23.0, 23.0, 23.0, 23.0, 23.0, 25.0, 24.0, 23.0, 23.0]"
compas,sklearn_DT,0,0.04,5,0.005719427019357681,0.6718073124241899,0.6708246708246708,131909.0,155817.0,15,16,0.8465635970401175,4.142782879916825,69,"[305.0, 432.0, 310.0, 252.0, 234.0, 325.0, 436.0, 457.0, 315.0, 249.0, 295.0, 317.0, 600.0, 375.0, 555.0, 314.0]","[22.0, 22.0, 23.0, 22.0, 22.0, 23.0, 23.0, 23.0, 22.0, 22.0, 22.0, 22.0, 25.0, 24.0, 23.0, 23.0]"
compas,sklearn_DT,0,0.04,6,0.005749165080487728,0.6718073124241899,0.6708246708246708,131909.0,155817.0,15,16,0.8465635970401175,4.142782879916825,69,"[305.0, 432.0, 310.0, 252.0, 234.0, 325.0, 436.0, 457.0, 315.0, 249.0, 295.0, 317.0, 600.0, 375.0, 555.0, 314.0]","[22.0, 22.0, 23.0, 22.0, 22.0, 23.0, 23.0, 23.0, 22.0, 22.0, 22.0, 22.0, 25.0, 24.0, 23.0, 23.0]"
compas,sklearn_DT,0,0.04,7,0.005837575998157263,0.6718073124241899,0.6708246708246708,131909.0,155817.0,15,16,0.8465635970401175,4.142782879916825,69,"[305.0, 432.0, 310.0, 252.0, 234.0, 325.0, 436.0, 457.0, 315.0, 249.0, 295.0, 317.0, 600.0, 375.0, 555.0, 314.0]","[22.0, 22.0, 23.0, 22.0, 22.0, 23.0, 23.0, 23.0, 22.0, 22.0, 22.0, 22.0, 25.0, 24.0, 23.0, 23.0]"
compas,sklearn_DT,0,0.04,8,0.008393899071961641,0.6718073124241899,0.6708246708246708,131909.0,155817.0,15,16,0.8465635970401175,4.142782879916825,69,"[305.0, 432.0, 310.0, 252.0, 234.0, 325.0, 436.0, 457.0, 315.0, 249.0, 295.0, 317.0, 600.0, 375.0, 555.0, 314.0]","[22.0, 22.0, 23.0, 22.0, 22.0, 23.0, 23.0, 23.0, 22.0, 22.0, 22.0, 22.0, 25.0, 24.0, 23.0, 23.0]"
compas,sklearn_DT,0,0.04,9,0.005929697072133422,0.6718073124241899,0.6708246708246708,131909.0,155817.0,15,16,0.8465635970401175,4.142782879916825,69,"[305.0, 432.0, 310.0, 252.0, 234.0, 325.0, 436.0, 457.0, 315.0, 249.0, 295.0, 317.0, 600.0, 375.0, 555.0, 314.0]","[22.0, 22.0, 23.0, 22.0, 22.0, 23.0, 23.0, 23.0, 22.0, 22.0, 22.0, 22.0, 25.0, 24.0, 23.0, 23.0]"
compas,sklearn_DT,0,0.04,10,0.006546389078721404,0.6718073124241899,0.6708246708246708,131909.0,155817.0,15,16,0.8465635970401175,4.142782879916825,69,"[305.0, 432.0, 310.0, 252.0, 234.0, 325.0, 436.0, 457.0, 315.0, 249.0, 295.0, 317.0, 600.0, 375.0, 555.0, 314.0]","[22.0, 22.0, 23.0, 22.0, 22.0, 23.0, 23.0, 23.0, 22.0, 22.0, 22.0, 22.0, 25.0, 24.0, 23.0, 23.0]"
compas,sklearn_DT,0,0.05,1,0.0030817941296845675,0.6340322301160978,0.6243936243936244,150046.0,155817.0,1,2,0.9629629629629629,1.0,2,"[3927.0, 1844.0]","[26.0, 26.0]"
compas,sklearn_DT,0,0.05,2,0.004169252002611756,0.6340322301160978,0.6243936243936244,144275.0,155817.0,3,4,0.9259259259259259,2.0,8,"[1858.0, 2069.0, 600.0, 1244.0]","[25.0, 25.0, 25.0, 25.0]"
compas,sklearn_DT,0,0.05,3,0.0050912960432469845,0.663143302720499,0.6576576576576577,139104.0,155817.0,6,7,0.892739559868307,2.8960318835557097,20,"[1047.0, 811.0, 893.0, 1176.0, 600.0, 375.0, 869.0]","[24.0, 24.0, 24.0, 24.0, 25.0, 24.0, 24.0]"
compas,sklearn_DT,0,0.05,4,0.005699748871847987,0.6674753075723445,0.6694386694386695,134308.0,155817.0,11,12,0.8619598631728246,3.7270836943337375,45,"[737.0, 310.0, 486.0, 325.0, 436.0, 457.0, 564.0, 612.0, 600.0, 375.0, 555.0, 314.0]","[23.0, 23.0, 23.0, 23.0, 23.0, 23.0, 23.0, 23.0, 25.0, 24.0, 23.0, 23.0]"
compas,sklearn_DT,0,0.05,5,0.00571289099752903,0.6718073124241899,0.6708246708246708,132959.0,155817.0,13,14,0.8533022712540994,3.9608386761393173,57,"[305.0, 432.0, 310.0, 486.0, 325.0, 564.0, 295.0, 317.0, 436.0, 457.0, 600.0, 375.0, 555.0, 314.0]","[22.0, 22.0, 23.0, 23.0, 23.0, 23.0, 22.0, 22.0, 23.0, 23.0, 25.0, 24.0, 23.0, 23.0]"
compas,sklearn_DT,0,0.05,6,0.005928136873990297,0.6718073124241899,0.6708246708246708,132959.0,155817.0,13,14,0.8533022712540994,3.9608386761393173,57,"[305.0, 432.0, 310.0, 486.0, 325.0, 564.0, 295.0, 317.0, 436.0, 457.0, 600.0, 375.0, 555.0, 314.0]","[22.0, 22.0, 23.0, 23.0, 23.0, 23.0, 22.0, 22.0, 23.0, 23.0, 25.0, 24.0, 23.0, 23.0]"
compas,sklearn_DT,0,0.05,7,0.005935562076047063,0.6718073124241899,0.6708246708246708,132959.0,155817.0,13,14,0.8533022712540994,3.9608386761393173,57,"[305.0, 432.0, 310.0, 486.0, 325.0, 564.0, 295.0, 317.0, 436.0, 457.0, 600.0, 375.0, 555.0, 314.0]","[22.0, 22.0, 23.0, 23.0, 23.0, 23.0, 22.0, 22.0, 23.0, 23.0, 25.0, 24.0, 23.0, 23.0]"
compas,sklearn_DT,0,0.05,8,0.006028268951922655,0.6718073124241899,0.6708246708246708,132959.0,155817.0,13,14,0.8533022712540994,3.9608386761393173,57,"[305.0, 432.0, 310.0, 486.0, 325.0, 564.0, 295.0, 317.0, 436.0, 457.0, 600.0, 375.0, 555.0, 314.0]","[22.0, 22.0, 23.0, 23.0, 23.0, 23.0, 22.0, 22.0, 23.0, 23.0, 25.0, 24.0, 23.0, 23.0]"
compas,sklearn_DT,0,0.05,9,0.006052355049178004,0.6718073124241899,0.6708246708246708,132959.0,155817.0,13,14,0.8533022712540994,3.9608386761393173,57,"[305.0, 432.0, 310.0, 486.0, 325.0, 564.0, 295.0, 317.0, 436.0, 457.0, 600.0, 375.0, 555.0, 314.0]","[22.0, 22.0, 23.0, 23.0, 23.0, 23.0, 22.0, 22.0, 23.0, 23.0, 25.0, 24.0, 23.0, 23.0]"
compas,sklearn_DT,0,0.05,10,0.005987982964143157,0.6718073124241899,0.6708246708246708,132959.0,155817.0,13,14,0.8533022712540994,3.9608386761393173,57,"[305.0, 432.0, 310.0, 486.0, 325.0, 564.0, 295.0, 317.0, 436.0, 457.0, 600.0, 375.0, 555.0, 314.0]","[22.0, 22.0, 23.0, 23.0, 23.0, 23.0, 22.0, 22.0, 23.0, 23.0, 25.0, 24.0, 23.0, 23.0]"
compas,sklearn_DT,1,0.01,1,0.003834795905277133,0.6343787905042454,0.623007623007623,150046.0,155817.0,1,2,0.9629629629629629,1.0,2,"[3959.0, 1812.0]","[26.0, 26.0]"
compas,sklearn_DT,1,0.01,2,0.004461912903934717,0.6343787905042454,0.623007623007623,144275.0,155817.0,3,4,0.9259259259259259,2.0,8,"[1885.0, 2074.0, 1243.0, 569.0]","[25.0, 25.0, 25.0, 25.0]"
compas,sklearn_DT,1,0.01,3,0.005411254009231925,0.6657425056316063,0.6666666666666666,138504.0,155817.0,7,8,0.8888888888888888,3.0,24,"[1252.0, 633.0, 959.0, 1115.0, 436.0, 807.0, 152.0, 417.0]","[24.0, 24.0, 24.0, 24.0, 24.0, 24.0, 24.0, 24.0]"
compas,sklearn_DT,1,0.01,4,0.006873368984088302,0.6692081095130826,0.6860706860706861,132733.0,155817.0,15,16,0.8518518518518519,4.0,64,"[750.0, 502.0, 472.0, 161.0, 399.0, 560.0, 1045.0, 70.0, 236.0, 200.0, 400.0, 407.0, 85.0, 67.0, 104.0, 313.0]","[23.0, 23.0, 23.0, 23.0, 23.0, 23.0, 23.0, 23.0, 23.0, 23.0, 23.0, 23.0, 23.0, 23.0, 23.0, 23.0]"
compas,sklearn_DT,1,0.01,5,0.006174200912937522,0.6782186796049211,0.6874566874566874,127288.0,155817.0,27,28,0.816907012713632,4.943510656731935,136,"[320.0, 430.0, 132.0, 370.0, 79.0, 393.0, 82.0, 79.0, 117.0, 443.0, 253.0, 146.0, 433.0, 612.0, 70.0, 177.0, 59.0, 97.0, 103.0, 141.0, 259.0, 307.0, 100.0, 85.0, 67.0, 104.0, 238.0, 75.0]","[22.0, 22.0, 22.0, 22.0, 22.0, 22.0, 22.0, 22.0, 22.0, 22.0, 22.0, 22.0, 22.0, 22.0, 23.0, 22.0, 22.0, 22.0, 22.0, 22.0, 22.0, 22.0, 22.0, 23.0, 23.0, 23.0, 22.0, 22.0]"
compas,sklearn_DT,1,0.01,6,0.006979375844821334,0.6782186796049211,0.6874566874566874,122658.0,155817.0,42,43,0.7871926683224552,5.7457979552937095,241,"[100.0, 220.0, 362.0, 68.0, 64.0, 68.0, 245.0, 125.0, 79.0, 188.0, 205.0, 79.0, 82.0, 59.0, 58.0, 377.0, 66.0, 104.0, 149.0, 80.0, 66.0, 285.0, 327.0, 139.0, 294.0, 70.0, 94.0, 83.0, 59.0, 97.0, 103.0, 141.0, 92.0, 167.0, 241.0, 66.0, 100.0, 85.0, 67.0, 104.0, 165.0, 73.0, 75.0]","[21.0, 21.0, 21.0, 21.0, 21.0, 21.0, 21.0, 21.0, 22.0, 21.0, 21.0, 22.0, 22.0, 21.0, 21.0, 21.0, 21.0, 21.0, 21.0, 21.0, 21.0, 21.0, 21.0, 21.0, 21.0, 23.0, 21.0, 21.0, 22.0, 22.0, 22.0, 22.0, 21.0, 21.0, 21.0, 21.0, 22.0, 23.0, 23.0, 23.0, 21.0, 21.0, 22.0]"
compas,sklearn_DT,1,0.01,7,0.007249722024425864,0.6799514815456593,0.6694386694386695,119501.0,155817.0,55,56,0.7669317211857499,6.292843527984751,345,"[100.0, 118.0, 102.0, 183.0, 179.0, 68.0, 68.0, 64.0, 116.0, 129.0, 66.0, 59.0, 79.0, 69.0, 136.0, 85.0, 103.0, 82.0, 79.0, 59.0, 58.0, 315.0, 62.0, 66.0, 104.0, 88.0, 61.0, 80.0, 66.0, 58.0, 227.0, 58.0, 269.0, 61.0, 78.0, 222.0, 72.0, 70.0, 94.0, 83.0, 59.0, 97.0, 103.0, 141.0, 92.0, 167.0, 169.0, 72.0, 66.0, 100.0, 85.0, 67.0, 104.0, 165.0, 73.0, 75.0]","[21.0, 20.0, 20.0, 20.0, 20.0, 21.0, 21.0, 21.0, 20.0, 20.0, 20.0, 20.0, 22.0, 20.0, 20.0, 20.0, 20.0, 22.0, 22.0, 21.0, 21.0, 20.0, 20.0, 21.0, 21.0, 20.0, 20.0, 21.0, 21.0, 20.0, 20.0, 20.0, 20.0, 20.0, 20.0, 20.0, 20.0, 23.0, 21.0, 21.0, 22.0, 22.0, 22.0, 22.0, 21.0, 21.0, 20.0, 20.0, 21.0, 22.0, 23.0, 23.0, 23.0, 21.0, 21.0, 22.0]"
compas,sklearn_DT,1,0.01,8,0.007874966831877828,0.6809911627101022,0.6770616770616771,117990.0,155817.0,62,63,0.7572344481025819,6.554669901230289,408,"[100.0, 118.0, 102.0, 118.0, 65.0, 115.0, 64.0, 68.0, 68.0, 64.0, 59.0, 57.0, 129.0, 66.0, 59.0, 79.0, 69.0, 136.0, 85.0, 103.0, 79.0, 82.0, 59.0, 58.0, 184.0, 131.0, 62.0, 66.0, 104.0, 88.0, 61.0, 80.0, 66.0, 58.0, 169.0, 58.0, 58.0, 158.0, 111.0, 61.0, 78.0, 58.0, 164.0, 72.0, 70.0, 94.0, 83.0, 59.0, 97.0, 103.0, 141.0, 92.0, 167.0, 169.0, 72.0, 66.0, 100.0, 85.0, 67.0, 104.0, 165.0, 73.0, 75.0]","[21.0, 20.0, 20.0, 19.0, 19.0, 19.0, 19.0, 21.0, 21.0, 21.0, 19.0, 19.0, 20.0, 20.0, 20.0, 22.0, 20.0, 20.0, 20.0, 20.0, 22.0, 22.0, 21.0, 21.0, 19.0, 19.0, 20.0, 21.0, 21.0, 20.0, 20.0, 21.0, 21.0, 20.0, 19.0, 19.0, 20.0, 19.0, 19.0, 20.0, 20.0, 19.0, 19.0, 20.0, 23.0, 21.0, 21.0, 22.0, 22.0, 22.0, 22.0, 21.0, 21.0, 20.0, 20.0, 21.0, 22.0, 23.0, 23.0, 23.0, 21.0, 21.0, 22.0]"
compas,sklearn_DT,1,0.01,9,0.008357536979019642,0.6809911627101022,0.6770616770616771,117473.0,155817.0,65,66,0.7539164532753165,6.644255761566453,438,"[100.0, 118.0, 102.0, 118.0, 65.0, 115.0, 64.0, 68.0, 64.0, 68.0, 59.0, 57.0, 129.0, 66.0, 59.0, 79.0, 85.0, 103.0, 69.0, 136.0, 79.0, 82.0, 104.0, 88.0, 61.0, 80.0, 66.0, 59.0, 58.0, 114.0, 70.0, 131.0, 62.0, 66.0, 61.0, 78.0, 58.0, 66.0, 98.0, 72.0, 58.0, 110.0, 59.0, 58.0, 58.0, 158.0, 111.0, 70.0, 94.0, 83.0, 59.0, 97.0, 103.0, 141.0, 92.0, 167.0, 169.0, 72.0, 66.0, 100.0, 85.0, 67.0, 104.0, 165.0, 73.0, 75.0]","[21.0, 20.0, 20.0, 19.0, 19.0, 19.0, 19.0, 21.0, 21.0, 21.0, 19.0, 19.0, 20.0, 20.0, 20.0, 22.0, 20.0, 20.0, 20.0, 20.0, 22.0, 22.0, 21.0, 20.0, 20.0, 21.0, 21.0, 21.0, 21.0, 18.0, 18.0, 19.0, 20.0, 21.0, 20.0, 20.0, 19.0, 18.0, 18.0, 20.0, 20.0, 18.0, 18.0, 19.0, 20.0, 19.0, 19.0, 23.0, 21.0, 21.0, 22.0, 22.0, 22.0, 22.0, 21.0, 21.0, 20.0, 20.0, 21.0, 22.0, 23.0, 23.0, 23.0, 21.0, 21.0, 22.0]"
compas,sklearn_DT,1,0.01,10,0.009296855889260769,0.6809911627101022,0.6770616770616771,117473.0,155817.0,65,66,0.7539164532753165,6.644255761566453,438,"[100.0, 118.0, 102.0, 118.0, 65.0, 115.0, 64.0, 68.0, 64.0, 68.0, 59.0, 57.0, 129.0, 66.0, 59.0, 79.0, 85.0, 103.0, 69.0, 136.0, 79.0, 82.0, 104.0, 88.0, 61.0, 80.0, 66.0, 59.0, 58.0, 114.0, 70.0, 131.0, 62.0, 66.0, 58.0, 110.0, 59.0, 58.0, 58.0, 158.0, 111.0, 61.0, 78.0, 58.0, 66.0, 98.0, 72.0, 70.0, 94.0, 83.0, 59.0, 97.0, 103.0, 141.0, 92.0, 167.0, 169.0, 72.0, 66.0, 100.0, 85.0, 67.0, 104.0, 165.0, 73.0, 75.0]","[21.0, 20.0, 20.0, 19.0, 19.0, 19.0, 19.0, 21.0, 21.0, 21.0, 19.0, 19.0, 20.0, 20.0, 20.0, 22.0, 20.0, 20.0, 20.0, 20.0, 22.0, 22.0, 21.0, 20.0, 20.0, 21.0, 21.0, 21.0, 21.0, 18.0, 18.0, 19.0, 20.0, 21.0, 20.0, 18.0, 18.0, 19.0, 20.0, 19.0, 19.0, 20.0, 20.0, 19.0, 18.0, 18.0, 20.0, 23.0, 21.0, 21.0, 22.0, 22.0, 22.0, 22.0, 21.0, 21.0, 20.0, 20.0, 21.0, 22.0, 23.0, 23.0, 23.0, 21.0, 21.0, 22.0]"
compas,sklearn_DT,1,0.02,1,0.0032427029218524694,0.6343787905042454,0.623007623007623,150046.0,155817.0,1,2,0.9629629629629629,1.0,2,"[3959.0, 1812.0]","[26.0, 26.0]"
compas,sklearn_DT,1,0.02,2,0.004791416926309466,0.6343787905042454,0.623007623007623,144275.0,155817.0,3,4,0.9259259259259259,2.0,8,"[1885.0, 2074.0, 1243.0, 569.0]","[25.0, 25.0, 25.0, 25.0]"
compas,sklearn_DT,1,0.02,3,0.005239817779511213,0.6657425056316063,0.6666666666666666,138504.0,155817.0,7,8,0.8888888888888888,3.0,24,"[1252.0, 633.0, 959.0, 1115.0, 436.0, 807.0, 152.0, 417.0]","[24.0, 24.0, 24.0, 24.0, 24.0, 24.0, 24.0, 24.0]"
compas,sklearn_DT,1,0.02,4,0.007412238046526909,0.6692081095130826,0.6860706860706861,132885.0,155817.0,14,15,0.8528273551666378,3.97366141050078,59,"[750.0, 502.0, 472.0, 161.0, 399.0, 560.0, 638.0, 477.0, 236.0, 200.0, 400.0, 407.0, 152.0, 155.0, 262.0]","[23.0, 23.0, 23.0, 23.0, 23.0, 23.0, 23.0, 23.0, 23.0, 23.0, 23.0, 23.0, 24.0, 23.0, 23.0]"
compas,sklearn_DT,1,0.02,5,0.006034771911799908,0.6747530757234448,0.6791406791406791,128280.0,155817.0,23,24,0.8232734553996034,4.771616704210709,113,"[320.0, 430.0, 132.0, 370.0, 238.0, 234.0, 161.0, 117.0, 443.0, 253.0, 146.0, 361.0, 116.0, 311.0, 327.0, 236.0, 200.0, 141.0, 259.0, 275.0, 132.0, 152.0, 155.0, 262.0]","[22.0, 22.0, 22.0, 22.0, 22.0, 22.0, 23.0, 22.0, 22.0, 22.0, 22.0, 22.0, 22.0, 22.0, 22.0, 23.0, 23.0, 22.0, 22.0, 22.0, 22.0, 24.0, 23.0, 23.0]"
compas,sklearn_DT,1,0.02,6,0.006783685879781842,0.6747530757234448,0.6791406791406791,125465.0,155817.0,31,32,0.8052073907211665,5.259400450528505,169,"[174.0, 146.0, 202.0, 228.0, 132.0, 245.0, 125.0, 238.0, 234.0, 161.0, 134.0, 119.0, 146.0, 117.0, 289.0, 154.0, 196.0, 115.0, 191.0, 136.0, 143.0, 218.0, 116.0, 236.0, 200.0, 141.0, 259.0, 275.0, 132.0, 152.0, 155.0, 262.0]","[21.0, 21.0, 21.0, 21.0, 22.0, 21.0, 21.0, 22.0, 22.0, 23.0, 21.0, 21.0, 22.0, 22.0, 21.0, 21.0, 21.0, 21.0, 21.0, 21.0, 21.0, 21.0, 22.0, 23.0, 23.0, 22.0, 22.0, 22.0, 22.0, 24.0, 23.0, 23.0]"
compas,sklearn_DT,1,0.02,7,0.006437228061258793,0.6747530757234448,0.6791406791406791,124931.0,155817.0,33,34,0.8017802935494843,5.351932074163923,185,"[174.0, 146.0, 202.0, 228.0, 132.0, 116.0, 129.0, 125.0, 234.0, 238.0, 161.0, 134.0, 119.0, 146.0, 117.0, 174.0, 115.0, 154.0, 143.0, 218.0, 116.0, 196.0, 115.0, 191.0, 136.0, 236.0, 200.0, 141.0, 259.0, 275.0, 132.0, 152.0, 155.0, 262.0]","[21.0, 21.0, 21.0, 21.0, 22.0, 20.0, 20.0, 21.0, 22.0, 22.0, 23.0, 21.0, 21.0, 22.0, 22.0, 20.0, 20.0, 21.0, 21.0, 21.0, 22.0, 21.0, 21.0, 21.0, 21.0, 23.0, 23.0, 22.0, 22.0, 22.0, 22.0, 24.0, 23.0, 23.0]"
compas,sklearn_DT,1,0.02,8,0.006184269906952977,0.6747530757234448,0.6791406791406791,124931.0,155817.0,33,34,0.8017802935494843,5.351932074163923,185,"[174.0, 146.0, 202.0, 228.0, 132.0, 116.0, 129.0, 125.0, 234.0, 238.0, 161.0, 134.0, 119.0, 146.0, 117.0, 174.0, 115.0, 154.0, 143.0, 218.0, 116.0, 196.0, 115.0, 191.0, 136.0, 236.0, 200.0, 141.0, 259.0, 275.0, 132.0, 152.0, 155.0, 262.0]","[21.0, 21.0, 21.0, 21.0, 22.0, 20.0, 20.0, 21.0, 22.0, 22.0, 23.0, 21.0, 21.0, 22.0, 22.0, 20.0, 20.0, 21.0, 21.0, 21.0, 22.0, 21.0, 21.0, 21.0, 21.0, 23.0, 23.0, 22.0, 22.0, 22.0, 22.0, 24.0, 23.0, 23.0]"
compas,sklearn_DT,1,0.02,9,0.006335814017802477,0.6747530757234448,0.6791406791406791,124931.0,155817.0,33,34,0.8017802935494843,5.351932074163923,185,"[174.0, 146.0, 202.0, 228.0, 132.0, 116.0, 129.0, 125.0, 234.0, 238.0, 161.0, 134.0, 119.0, 146.0, 117.0, 174.0, 115.0, 154.0, 143.0, 218.0, 116.0, 196.0, 115.0, 191.0, 136.0, 236.0, 200.0, 141.0, 259.0, 275.0, 132.0, 152.0, 155.0, 262.0]","[21.0, 21.0, 21.0, 21.0, 22.0, 20.0, 20.0, 21.0, 22.0, 22.0, 23.0, 21.0, 21.0, 22.0, 22.0, 20.0, 20.0, 21.0, 21.0, 21.0, 22.0, 21.0, 21.0, 21.0, 21.0, 23.0, 23.0, 22.0, 22.0, 22.0, 22.0, 24.0, 23.0, 23.0]"
compas,sklearn_DT,1,0.02,10,0.006681266939267516,0.6747530757234448,0.6791406791406791,124931.0,155817.0,33,34,0.8017802935494843,5.351932074163923,185,"[174.0, 146.0, 202.0, 228.0, 132.0, 116.0, 129.0, 125.0, 234.0, 238.0, 161.0, 134.0, 119.0, 146.0, 117.0, 174.0, 115.0, 154.0, 143.0, 218.0, 116.0, 196.0, 115.0, 191.0, 136.0, 236.0, 200.0, 141.0, 259.0, 275.0, 132.0, 152.0, 155.0, 262.0]","[21.0, 21.0, 21.0, 21.0, 22.0, 20.0, 20.0, 21.0, 22.0, 22.0, 23.0, 21.0, 21.0, 22.0, 22.0, 20.0, 20.0, 21.0, 21.0, 21.0, 22.0, 21.0, 21.0, 21.0, 21.0, 23.0, 23.0, 22.0, 22.0, 22.0, 22.0, 24.0, 23.0, 23.0]"
compas,sklearn_DT,1,0.03,1,0.0037315289955586195,0.6343787905042454,0.623007623007623,150046.0,155817.0,1,2,0.9629629629629629,1.0,2,"[3959.0, 1812.0]","[26.0, 26.0]"
compas,sklearn_DT,1,0.03,2,0.004630761919543147,0.6343787905042454,0.623007623007623,144275.0,155817.0,3,4,0.9259259259259259,2.0,8,"[1885.0, 2074.0, 1243.0, 569.0]","[25.0, 25.0, 25.0, 25.0]"
compas,sklearn_DT,1,0.03,3,0.005195948062464595,0.6605440998093918,0.6625086625086625,138504.0,155817.0,7,8,0.8888888888888888,3.0,24,"[1252.0, 633.0, 959.0, 1115.0, 436.0, 807.0, 240.0, 329.0]","[24.0, 24.0, 24.0, 24.0, 24.0, 24.0, 24.0, 24.0]"
compas,sklearn_DT,1,0.03,4,0.005380515940487385,0.6640097036908681,0.681912681912682,133302.0,155817.0,13,14,0.8555035714973334,3.9014035695719977,54,"[750.0, 502.0, 179.0, 454.0, 399.0, 560.0, 638.0, 477.0, 236.0, 200.0, 400.0, 407.0, 240.0, 329.0]","[23.0, 23.0, 23.0, 23.0, 23.0, 23.0, 23.0, 23.0, 23.0, 23.0, 23.0, 23.0, 24.0, 24.0]"
compas,sklearn_DT,1,0.03,5,0.007725110976025462,0.6685149887367874,0.6826056826056826,129522.0,155817.0,20,21,0.831244344326999,4.5564027031710275,96,"[320.0, 430.0, 255.0, 247.0, 179.0, 182.0, 272.0, 358.0, 202.0, 214.0, 185.0, 210.0, 267.0, 311.0, 327.0, 236.0, 200.0, 400.0, 407.0, 240.0, 329.0]","[22.0, 22.0, 22.0, 22.0, 23.0, 22.0, 22.0, 22.0, 22.0, 22.0, 22.0, 22.0, 22.0, 22.0, 22.0, 23.0, 23.0, 23.0, 23.0, 24.0, 24.0]"
compas,sklearn_DT,1,0.03,6,0.00639301398769021,0.6685149887367874,0.6826056826056826,129092.0,155817.0,21,22,0.8284846967917493,4.630913186622769,103,"[320.0, 202.0, 228.0, 255.0, 247.0, 179.0, 272.0, 182.0, 358.0, 202.0, 214.0, 185.0, 311.0, 327.0, 210.0, 267.0, 236.0, 200.0, 400.0, 407.0, 240.0, 329.0]","[22.0, 21.0, 21.0, 22.0, 22.0, 23.0, 22.0, 22.0, 22.0, 22.0, 22.0, 22.0, 22.0, 22.0, 22.0, 22.0, 23.0, 23.0, 23.0, 23.0, 24.0, 24.0]"
compas,sklearn_DT,1,0.03,7,0.0060273041017353535,0.6685149887367874,0.6826056826056826,129092.0,155817.0,21,22,0.8284846967917493,4.630913186622769,103,"[320.0, 202.0, 228.0, 255.0, 247.0, 179.0, 272.0, 182.0, 358.0, 202.0, 214.0, 185.0, 311.0, 327.0, 210.0, 267.0, 236.0, 200.0, 400.0, 407.0, 240.0, 329.0]","[22.0, 21.0, 21.0, 22.0, 22.0, 23.0, 22.0, 22.0, 22.0, 22.0, 22.0, 22.0, 22.0, 22.0, 22.0, 22.0, 23.0, 23.0, 23.0, 23.0, 24.0, 24.0]"
compas,sklearn_DT,1,0.03,8,0.006859750021249056,0.6685149887367874,0.6826056826056826,129092.0,155817.0,21,22,0.8284846967917493,4.630913186622769,103,"[320.0, 202.0, 228.0, 255.0, 247.0, 179.0, 272.0, 182.0, 358.0, 202.0, 214.0, 185.0, 311.0, 327.0, 210.0, 267.0, 236.0, 200.0, 400.0, 407.0, 240.0, 329.0]","[22.0, 21.0, 21.0, 22.0, 22.0, 23.0, 22.0, 22.0, 22.0, 22.0, 22.0, 22.0, 22.0, 22.0, 22.0, 22.0, 23.0, 23.0, 23.0, 23.0, 24.0, 24.0]"
compas,sklearn_DT,1,0.03,9,0.005977550987154245,0.6685149887367874,0.6826056826056826,129092.0,155817.0,21,22,0.8284846967917493,4.630913186622769,103,"[320.0, 202.0, 228.0, 255.0, 247.0, 179.0, 272.0, 182.0, 358.0, 202.0, 214.0, 185.0, 311.0, 327.0, 210.0, 267.0, 236.0, 200.0, 400.0, 407.0, 240.0, 329.0]","[22.0, 21.0, 21.0, 22.0, 22.0, 23.0, 22.0, 22.0, 22.0, 22.0, 22.0, 22.0, 22.0, 22.0, 22.0, 22.0, 23.0, 23.0, 23.0, 23.0, 24.0, 24.0]"
compas,sklearn_DT,1,0.03,10,0.006953097181394696,0.6685149887367874,0.6826056826056826,129092.0,155817.0,21,22,0.8284846967917493,4.630913186622769,103,"[320.0, 202.0, 228.0, 255.0, 247.0, 179.0, 272.0, 182.0, 358.0, 202.0, 214.0, 185.0, 311.0, 327.0, 210.0, 267.0, 236.0, 200.0, 400.0, 407.0, 240.0, 329.0]","[22.0, 21.0, 21.0, 22.0, 22.0, 23.0, 22.0, 22.0, 22.0, 22.0, 22.0, 22.0, 22.0, 22.0, 22.0, 22.0, 23.0, 23.0, 23.0, 23.0, 24.0, 24.0]"
compas,sklearn_DT,1,0.04,1,0.002815596992149949,0.6343787905042454,0.623007623007623,150046.0,155817.0,1,2,0.9629629629629629,1.0,2,"[3959.0, 1812.0]","[26.0, 26.0]"
compas,sklearn_DT,1,0.04,2,0.004111577989533544,0.6343787905042454,0.623007623007623,144275.0,155817.0,3,4,0.9259259259259259,2.0,8,"[1885.0, 2074.0, 1243.0, 569.0]","[25.0, 25.0, 25.0, 25.0]"
compas,sklearn_DT,1,0.04,3,0.0048237869050353765,0.6605440998093918,0.6625086625086625,138504.0,155817.0,7,8,0.8888888888888888,3.0,24,"[1252.0, 633.0, 959.0, 1115.0, 436.0, 807.0, 240.0, 329.0]","[24.0, 24.0, 24.0, 24.0, 24.0, 24.0, 24.0, 24.0]"
compas,sklearn_DT,1,0.04,4,0.0053746739868074656,0.6640097036908681,0.681912681912682,133738.0,155817.0,12,13,0.8583017257423773,3.8258534049558137,49,"[750.0, 502.0, 316.0, 317.0, 399.0, 560.0, 638.0, 477.0, 436.0, 400.0, 407.0, 240.0, 329.0]","[23.0, 23.0, 23.0, 23.0, 23.0, 23.0, 23.0, 23.0, 24.0, 23.0, 23.0, 24.0, 24.0]"
compas,sklearn_DT,1,0.04,5,0.005577473901212215,0.6685149887367874,0.6826056826056826,131288.0,155817.0,16,17,0.8425781525764198,4.250389880436666,73,"[320.0, 430.0, 255.0, 247.0, 317.0, 316.0, 399.0, 310.0, 250.0, 477.0, 311.0, 327.0, 436.0, 400.0, 407.0, 240.0, 329.0]","[22.0, 22.0, 22.0, 22.0, 23.0, 23.0, 23.0, 22.0, 22.0, 23.0, 22.0, 22.0, 24.0, 23.0, 23.0, 24.0, 24.0]"
compas,sklearn_DT,1,0.04,6,0.0056786451023072,0.6685149887367874,0.6826056826056826,131288.0,155817.0,16,17,0.8425781525764198,4.250389880436666,73,"[320.0, 430.0, 255.0, 247.0, 317.0, 316.0, 399.0, 310.0, 250.0, 477.0, 311.0, 327.0, 436.0, 400.0, 407.0, 240.0, 329.0]","[22.0, 22.0, 22.0, 22.0, 23.0, 23.0, 23.0, 22.0, 22.0, 23.0, 22.0, 22.0, 24.0, 23.0, 23.0, 24.0, 24.0]"
compas,sklearn_DT,1,0.04,7,0.008588982978835702,0.6685149887367874,0.6826056826056826,131288.0,155817.0,16,17,0.8425781525764198,4.250389880436666,73,"[320.0, 430.0, 255.0, 247.0, 317.0, 316.0, 399.0, 310.0, 250.0, 477.0, 311.0, 327.0, 436.0, 400.0, 407.0, 240.0, 329.0]","[22.0, 22.0, 22.0, 22.0, 23.0, 23.0, 23.0, 22.0, 22.0, 23.0, 22.0, 22.0, 24.0, 23.0, 23.0, 24.0, 24.0]"
compas,sklearn_DT,1,0.04,8,0.005631478037685156,0.6685149887367874,0.6826056826056826,131288.0,155817.0,16,17,0.8425781525764198,4.250389880436666,73,"[320.0, 430.0, 255.0, 247.0, 317.0, 316.0, 399.0, 310.0, 250.0, 477.0, 311.0, 327.0, 436.0, 400.0, 407.0, 240.0, 329.0]","[22.0, 22.0, 22.0, 22.0, 23.0, 23.0, 23.0, 22.0, 22.0, 23.0, 22.0, 22.0, 24.0, 23.0, 23.0, 24.0, 24.0]"
compas,sklearn_DT,1,0.04,9,0.00679542706348002,0.6685149887367874,0.6826056826056826,131288.0,155817.0,16,17,0.8425781525764198,4.250389880436666,73,"[320.0, 430.0, 255.0, 247.0, 317.0, 316.0, 399.0, 310.0, 250.0, 477.0, 311.0, 327.0, 436.0, 400.0, 407.0, 240.0, 329.0]","[22.0, 22.0, 22.0, 22.0, 23.0, 23.0, 23.0, 22.0, 22.0, 23.0, 22.0, 22.0, 24.0, 23.0, 23.0, 24.0, 24.0]"
compas,sklearn_DT,1,0.04,10,0.005569119937717915,0.6685149887367874,0.6826056826056826,131288.0,155817.0,16,17,0.8425781525764198,4.250389880436666,73,"[320.0, 430.0, 255.0, 247.0, 317.0, 316.0, 399.0, 310.0, 250.0, 477.0, 311.0, 327.0, 436.0, 400.0, 407.0, 240.0, 329.0]","[22.0, 22.0, 22.0, 22.0, 23.0, 23.0, 23.0, 22.0, 22.0, 23.0, 22.0, 22.0, 24.0, 23.0, 23.0, 24.0, 24.0]"
compas,sklearn_DT,1,0.05,1,0.0028444230556488037,0.6343787905042454,0.623007623007623,150046.0,155817.0,1,2,0.9629629629629629,1.0,2,"[3959.0, 1812.0]","[26.0, 26.0]"
compas,sklearn_DT,1,0.05,2,0.004723079036921263,0.6343787905042454,0.623007623007623,144275.0,155817.0,3,4,0.9259259259259259,2.0,8,"[1885.0, 2074.0, 1243.0, 569.0]","[25.0, 25.0, 25.0, 25.0]"
compas,sklearn_DT,1,0.05,3,0.004827545955777168,0.6605440998093918,0.6625086625086625,139073.0,155817.0,6,7,0.8925406085343704,2.9014035695719977,20,"[1252.0, 633.0, 959.0, 1115.0, 436.0, 807.0, 569.0]","[24.0, 24.0, 24.0, 24.0, 24.0, 24.0, 25.0]"
compas,sklearn_DT,1,0.05,4,0.006280945846810937,0.6640097036908681,0.681912681912682,134307.0,155817.0,11,12,0.8619534453878588,3.7272569745278115,45,"[750.0, 502.0, 316.0, 317.0, 399.0, 560.0, 638.0, 477.0, 436.0, 400.0, 407.0, 569.0]","[23.0, 23.0, 23.0, 23.0, 23.0, 23.0, 23.0, 23.0, 24.0, 23.0, 23.0, 25.0]"
compas,sklearn_DT,1,0.05,5,0.005387340905144811,0.6685149887367874,0.6826056826056826,132919.0,155817.0,13,14,0.8530455598554715,3.96776988390227,57,"[320.0, 430.0, 502.0, 317.0, 316.0, 399.0, 560.0, 477.0, 311.0, 327.0, 436.0, 400.0, 407.0, 569.0]","[22.0, 22.0, 23.0, 23.0, 23.0, 23.0, 23.0, 23.0, 22.0, 22.0, 24.0, 23.0, 23.0, 25.0]"
compas,sklearn_DT,1,0.05,6,0.0053955018520355225,0.6685149887367874,0.6826056826056826,132919.0,155817.0,13,14,0.8530455598554715,3.96776988390227,57,"[320.0, 430.0, 502.0, 317.0, 316.0, 399.0, 560.0, 477.0, 311.0, 327.0, 436.0, 400.0, 407.0, 569.0]","[22.0, 22.0, 23.0, 23.0, 23.0, 23.0, 23.0, 23.0, 22.0, 22.0, 24.0, 23.0, 23.0, 25.0]"
compas,sklearn_DT,1,0.05,7,0.006583265960216522,0.6685149887367874,0.6826056826056826,132919.0,155817.0,13,14,0.8530455598554715,3.96776988390227,57,"[320.0, 430.0, 502.0, 317.0, 316.0, 399.0, 560.0, 477.0, 311.0, 327.0, 436.0, 400.0, 407.0, 569.0]","[22.0, 22.0, 23.0, 23.0, 23.0, 23.0, 23.0, 23.0, 22.0, 22.0, 24.0, 23.0, 23.0, 25.0]"
compas,sklearn_DT,1,0.05,8,0.0053764828480780125,0.6685149887367874,0.6826056826056826,132919.0,155817.0,13,14,0.8530455598554715,3.96776988390227,57,"[320.0, 430.0, 502.0, 317.0, 316.0, 399.0, 560.0, 477.0, 311.0, 327.0, 436.0, 400.0, 407.0, 569.0]","[22.0, 22.0, 23.0, 23.0, 23.0, 23.0, 23.0, 23.0, 22.0, 22.0, 24.0, 23.0, 23.0, 25.0]"
compas,sklearn_DT,1,0.05,9,0.0054265528451651335,0.6685149887367874,0.6826056826056826,132919.0,155817.0,13,14,0.8530455598554715,3.96776988390227,57,"[320.0, 430.0, 502.0, 317.0, 316.0, 399.0, 560.0, 477.0, 311.0, 327.0, 436.0, 400.0, 407.0, 569.0]","[22.0, 22.0, 23.0, 23.0, 23.0, 23.0, 23.0, 23.0, 22.0, 22.0, 24.0, 23.0, 23.0, 25.0]"
compas,sklearn_DT,1,0.05,10,0.005288648884743452,0.6685149887367874,0.6826056826056826,132919.0,155817.0,13,14,0.8530455598554715,3.96776988390227,57,"[320.0, 430.0, 502.0, 317.0, 316.0, 399.0, 560.0, 477.0, 311.0, 327.0, 436.0, 400.0, 407.0, 569.0]","[22.0, 22.0, 23.0, 23.0, 23.0, 23.0, 23.0, 23.0, 22.0, 22.0, 24.0, 23.0, 23.0, 25.0]"
compas,sklearn_DT,2,0.01,1,0.0029158738907426596,0.6329925489516548,0.6285516285516286,150046.0,155817.0,1,2,0.9629629629629629,1.0,2,"[3932.0, 1839.0]","[26.0, 26.0]"
compas,sklearn_DT,2,0.01,2,0.004191620042547584,0.6607173800034656,0.6618156618156619,144275.0,155817.0,3,4,0.9259259259259259,2.0,8,"[3316.0, 616.0, 628.0, 1211.0]","[25.0, 25.0, 25.0, 25.0]"
compas,sklearn_DT,2,0.01,3,0.012804241850972176,0.6640097036908681,0.6604296604296604,138504.0,155817.0,7,8,0.8888888888888888,3.0,24,"[2195.0, 1121.0, 107.0, 509.0, 251.0, 377.0, 350.0, 861.0]","[24.0, 24.0, 24.0, 24.0, 24.0, 24.0, 24.0, 24.0]"
compas,sklearn_DT,2,0.01,4,0.00563861383125186,0.6685149887367874,0.6673596673596673,132840.0,155817.0,14,15,0.8525385548431814,3.9814590192341015,59,"[892.0, 1303.0, 506.0, 615.0, 107.0, 384.0, 125.0, 66.0, 185.0, 283.0, 94.0, 138.0, 212.0, 195.0, 666.0]","[23.0, 23.0, 23.0, 23.0, 24.0, 23.0, 23.0, 23.0, 23.0, 23.0, 23.0, 23.0, 23.0, 23.0, 23.0]"
compas,sklearn_DT,2,0.01,5,0.00634823995642364,0.6721538728123375,0.6867636867636867,127336.0,155817.0,26,27,0.8172150663919855,4.9351932074163924,131,"[512.0, 380.0, 747.0, 556.0, 136.0, 479.0, 387.0, 119.0, 107.0, 97.0, 287.0, 65.0, 60.0, 66.0, 64.0, 121.0, 75.0, 208.0, 94.0, 72.0, 66.0, 98.0, 114.0, 112.0, 83.0, 280.0, 386.0]","[22.0, 22.0, 22.0, 22.0, 22.0, 22.0, 22.0, 22.0, 24.0, 22.0, 22.0, 22.0, 22.0, 23.0, 22.0, 22.0, 22.0, 22.0, 23.0, 22.0, 22.0, 22.0, 22.0, 22.0, 22.0, 22.0, 22.0]"
compas,sklearn_DT,2,0.01,6,0.007126948097720742,0.6740599549471495,0.6722106722106722,123114.0,155817.0,36,37,0.790119178266813,5.666782186796049,201,"[130.0, 382.0, 250.0, 130.0, 641.0, 106.0, 126.0, 430.0, 136.0, 222.0, 257.0, 96.0, 291.0, 119.0, 107.0, 97.0, 115.0, 172.0, 65.0, 60.0, 66.0, 64.0, 121.0, 75.0, 134.0, 74.0, 94.0, 72.0, 66.0, 98.0, 114.0, 112.0, 83.0, 95.0, 185.0, 81.0, 305.0]","[21.0, 21.0, 21.0, 21.0, 21.0, 21.0, 21.0, 21.0, 22.0, 21.0, 21.0, 21.0, 21.0, 22.0, 24.0, 22.0, 21.0, 21.0, 22.0, 22.0, 23.0, 22.0, 22.0, 22.0, 21.0, 21.0, 23.0, 22.0, 22.0, 22.0, 22.0, 22.0, 22.0, 21.0, 21.0, 21.0, 21.0]"
compas,sklearn_DT,2,0.01,7,0.007199615007266402,0.6771789984404782,0.6860706860706861,119908.0,155817.0,47,48,0.7695437596667886,6.222318488996708,289,"[71.0, 59.0, 140.0, 242.0, 132.0, 118.0, 130.0, 283.0, 358.0, 106.0, 67.0, 59.0, 259.0, 171.0, 136.0, 71.0, 151.0, 158.0, 99.0, 96.0, 82.0, 209.0, 119.0, 107.0, 97.0, 115.0, 86.0, 86.0, 65.0, 60.0, 66.0, 64.0, 121.0, 75.0, 134.0, 74.0, 94.0, 72.0, 66.0, 98.0, 114.0, 112.0, 83.0, 95.0, 185.0, 81.0, 235.0, 70.0]","[20.0, 20.0, 20.0, 20.0, 20.0, 20.0, 21.0, 20.0, 20.0, 21.0, 20.0, 20.0, 20.0, 20.0, 22.0, 20.0, 20.0, 20.0, 20.0, 21.0, 20.0, 20.0, 22.0, 24.0, 22.0, 21.0, 20.0, 20.0, 22.0, 22.0, 23.0, 22.0, 22.0, 22.0, 21.0, 21.0, 23.0, 22.0, 22.0, 22.0, 22.0, 22.0, 22.0, 21.0, 21.0, 21.0, 20.0, 20.0]"
compas,sklearn_DT,2,0.01,8,0.010186074068769813,0.6775255588286259,0.6742896742896742,117879.0,155817.0,56,57,0.7565220739713895,6.573904002772483,370,"[71.0, 59.0, 72.0, 68.0, 142.0, 100.0, 70.0, 62.0, 118.0, 130.0, 167.0, 116.0, 64.0, 294.0, 106.0, 67.0, 59.0, 138.0, 121.0, 98.0, 73.0, 136.0, 71.0, 151.0, 158.0, 99.0, 96.0, 82.0, 90.0, 119.0, 119.0, 107.0, 97.0, 115.0, 86.0, 86.0, 60.0, 65.0, 66.0, 64.0, 121.0, 75.0, 134.0, 74.0, 94.0, 72.0, 66.0, 98.0, 114.0, 112.0, 83.0, 95.0, 185.0, 81.0, 100.0, 135.0, 70.0]","[20.0, 20.0, 19.0, 19.0, 19.0, 19.0, 19.0, 19.0, 20.0, 21.0, 19.0, 19.0, 19.0, 19.0, 21.0, 20.0, 20.0, 19.0, 19.0, 19.0, 19.0, 22.0, 20.0, 20.0, 20.0, 20.0, 21.0, 20.0, 19.0, 19.0, 22.0, 24.0, 22.0, 21.0, 20.0, 20.0, 22.0, 22.0, 23.0, 22.0, 22.0, 22.0, 21.0, 21.0, 23.0, 22.0, 22.0, 22.0, 22.0, 22.0, 22.0, 21.0, 21.0, 21.0, 19.0, 19.0, 20.0]"
compas,sklearn_DT,2,0.01,9,0.0066941580735147,0.6789118003812165,0.6832986832986833,117443.0,155817.0,58,59,0.7537239197263457,6.649454167388668,390,"[71.0, 59.0, 72.0, 68.0, 74.0, 68.0, 100.0, 70.0, 62.0, 118.0, 130.0, 167.0, 116.0, 64.0, 70.0, 224.0, 106.0, 67.0, 59.0, 138.0, 121.0, 98.0, 73.0, 96.0, 82.0, 90.0, 119.0, 119.0, 136.0, 71.0, 151.0, 158.0, 99.0, 107.0, 97.0, 115.0, 86.0, 86.0, 65.0, 60.0, 66.0, 64.0, 121.0, 75.0, 134.0, 74.0, 94.0, 72.0, 66.0, 98.0, 114.0, 112.0, 83.0, 95.0, 185.0, 81.0, 100.0, 135.0, 70.0]","[20.0, 20.0, 19.0, 19.0, 18.0, 18.0, 19.0, 19.0, 19.0, 20.0, 21.0, 19.0, 19.0, 19.0, 18.0, 18.0, 21.0, 20.0, 20.0, 19.0, 19.0, 19.0, 19.0, 21.0, 20.0, 19.0, 19.0, 22.0, 22.0, 20.0, 20.0, 20.0, 20.0, 24.0, 22.0, 21.0, 20.0, 20.0, 22.0, 22.0, 23.0, 22.0, 22.0, 22.0, 21.0, 21.0, 23.0, 22.0, 22.0, 22.0, 22.0, 22.0, 22.0, 21.0, 21.0, 21.0, 19.0, 19.0, 20.0]"
compas,sklearn_DT,2,0.01,10,0.006750605069100857,0.6789118003812165,0.6832986832986833,117219.0,155817.0,59,60,0.7522863358940295,6.688268930861202,401,"[71.0, 59.0, 72.0, 68.0, 74.0, 68.0, 100.0, 70.0, 62.0, 118.0, 130.0, 167.0, 116.0, 64.0, 70.0, 142.0, 82.0, 106.0, 67.0, 59.0, 138.0, 121.0, 98.0, 73.0, 136.0, 71.0, 151.0, 158.0, 99.0, 96.0, 82.0, 90.0, 119.0, 119.0, 107.0, 97.0, 115.0, 86.0, 86.0, 65.0, 60.0, 66.0, 64.0, 121.0, 75.0, 134.0, 74.0, 94.0, 72.0, 66.0, 98.0, 114.0, 112.0, 83.0, 95.0, 185.0, 81.0, 100.0, 135.0, 70.0]","[20.0, 20.0, 19.0, 19.0, 18.0, 18.0, 19.0, 19.0, 19.0, 20.0, 21.0, 19.0, 19.0, 19.0, 18.0, 17.0, 17.0, 21.0, 20.0, 20.0, 19.0, 19.0, 19.0, 19.0, 22.0, 20.0, 20.0, 20.0, 20.0, 21.0, 20.0, 19.0, 19.0, 22.0, 24.0, 22.0, 21.0, 20.0, 20.0, 22.0, 22.0, 23.0, 22.0, 22.0, 22.0, 21.0, 21.0, 23.0, 22.0, 22.0, 22.0, 22.0, 22.0, 22.0, 21.0, 21.0, 21.0, 19.0, 19.0, 20.0]"
compas,sklearn_DT,2,0.02,1,0.002690122928470373,0.6329925489516548,0.6285516285516286,150046.0,155817.0,1,2,0.9629629629629629,1.0,2,"[3932.0, 1839.0]","[26.0, 26.0]"
compas,sklearn_DT,2,0.02,2,0.005714162020012736,0.6607173800034656,0.6618156618156619,144275.0,155817.0,3,4,0.9259259259259259,2.0,8,"[3316.0, 616.0, 628.0, 1211.0]","[25.0, 25.0, 25.0, 25.0]"
compas,sklearn_DT,2,0.02,3,0.0053108991123735905,0.6607173800034656,0.6632016632016632,138504.0,155817.0,7,8,0.8888888888888888,3.0,24,"[2195.0, 1121.0, 460.0, 156.0, 251.0, 377.0, 350.0, 861.0]","[24.0, 24.0, 24.0, 24.0, 24.0, 24.0, 24.0, 24.0]"
compas,sklearn_DT,2,0.02,4,0.0061229749117046595,0.6652226650493849,0.6701316701316701,132889.0,155817.0,14,15,0.8528530263065006,3.9729682897244847,59,"[892.0, 1303.0, 506.0, 615.0, 229.0, 231.0, 156.0, 136.0, 115.0, 262.0, 115.0, 138.0, 212.0, 195.0, 666.0]","[23.0, 23.0, 23.0, 23.0, 23.0, 23.0, 24.0, 23.0, 23.0, 23.0, 23.0, 23.0, 23.0, 23.0, 23.0]"
compas,sklearn_DT,2,0.02,5,0.006819853093475103,0.6685149887367874,0.6902286902286903,128907.0,155817.0,19,20,0.8272974065730954,4.662970022526426,89,"[512.0, 380.0, 747.0, 556.0, 136.0, 479.0, 387.0, 119.0, 229.0, 231.0, 156.0, 136.0, 115.0, 262.0, 115.0, 138.0, 212.0, 195.0, 280.0, 386.0]","[22.0, 22.0, 22.0, 22.0, 22.0, 22.0, 22.0, 22.0, 23.0, 23.0, 24.0, 23.0, 23.0, 23.0, 23.0, 23.0, 23.0, 23.0, 22.0, 22.0]"
compas,sklearn_DT,2,0.02,6,0.006569705903530121,0.6737133945590019,0.6881496881496881,125460.0,155817.0,26,27,0.805175301796338,5.260266851498874,138,"[130.0, 382.0, 250.0, 130.0, 318.0, 429.0, 126.0, 430.0, 136.0, 222.0, 257.0, 154.0, 233.0, 119.0, 231.0, 229.0, 156.0, 136.0, 115.0, 262.0, 115.0, 138.0, 212.0, 195.0, 280.0, 262.0, 124.0]","[21.0, 21.0, 21.0, 21.0, 21.0, 21.0, 21.0, 21.0, 22.0, 21.0, 21.0, 21.0, 21.0, 22.0, 23.0, 23.0, 24.0, 23.0, 23.0, 23.0, 23.0, 23.0, 23.0, 23.0, 22.0, 21.0, 21.0]"
compas,sklearn_DT,2,0.02,7,0.008744799997657537,0.6737133945590019,0.6881496881496881,123651.0,155817.0,31,32,0.7935655287933923,5.573730722578409,178,"[130.0, 140.0, 242.0, 132.0, 118.0, 130.0, 175.0, 143.0, 202.0, 227.0, 126.0, 259.0, 171.0, 136.0, 222.0, 257.0, 154.0, 233.0, 119.0, 229.0, 231.0, 156.0, 136.0, 115.0, 262.0, 115.0, 138.0, 212.0, 195.0, 280.0, 262.0, 124.0]","[21.0, 20.0, 20.0, 20.0, 20.0, 21.0, 20.0, 20.0, 20.0, 20.0, 21.0, 20.0, 20.0, 22.0, 21.0, 21.0, 21.0, 21.0, 22.0, 23.0, 23.0, 24.0, 23.0, 23.0, 23.0, 23.0, 23.0, 23.0, 23.0, 22.0, 21.0, 21.0]"
compas,sklearn_DT,2,0.02,8,0.00752805289812386,0.6737133945590019,0.6881496881496881,123150.0,155817.0,33,34,0.7903502185255781,5.660544099809392,196,"[130.0, 140.0, 117.0, 125.0, 132.0, 118.0, 130.0, 175.0, 143.0, 202.0, 227.0, 126.0, 138.0, 121.0, 171.0, 154.0, 233.0, 119.0, 136.0, 222.0, 257.0, 229.0, 231.0, 156.0, 136.0, 115.0, 262.0, 115.0, 138.0, 212.0, 195.0, 280.0, 262.0, 124.0]","[21.0, 20.0, 19.0, 19.0, 20.0, 20.0, 21.0, 20.0, 20.0, 20.0, 20.0, 21.0, 19.0, 19.0, 20.0, 21.0, 21.0, 22.0, 22.0, 21.0, 21.0, 23.0, 23.0, 24.0, 23.0, 23.0, 23.0, 23.0, 23.0, 23.0, 23.0, 22.0, 21.0, 21.0]"
compas,sklearn_DT,2,0.02,9,0.007076835026964545,0.6737133945590019,0.6881496881496881,123150.0,155817.0,33,34,0.7903502185255781,5.660544099809392,196,"[130.0, 140.0, 117.0, 125.0, 132.0, 118.0, 130.0, 175.0, 143.0, 202.0, 227.0, 126.0, 138.0, 121.0, 171.0, 154.0, 233.0, 119.0, 136.0, 222.0, 257.0, 229.0, 231.0, 156.0, 136.0, 115.0, 262.0, 115.0, 138.0, 212.0, 195.0, 280.0, 262.0, 124.0]","[21.0, 20.0, 19.0, 19.0, 20.0, 20.0, 21.0, 20.0, 20.0, 20.0, 20.0, 21.0, 19.0, 19.0, 20.0, 21.0, 21.0, 22.0, 22.0, 21.0, 21.0, 23.0, 23.0, 24.0, 23.0, 23.0, 23.0, 23.0, 23.0, 23.0, 23.0, 22.0, 21.0, 21.0]"
compas,sklearn_DT,2,0.02,10,0.008180489065125585,0.6737133945590019,0.6881496881496881,123150.0,155817.0,33,34,0.7903502185255781,5.660544099809392,196,"[130.0, 140.0, 117.0, 125.0, 132.0, 118.0, 130.0, 175.0, 143.0, 202.0, 227.0, 126.0, 138.0, 121.0, 171.0, 154.0, 233.0, 119.0, 136.0, 222.0, 257.0, 229.0, 231.0, 156.0, 136.0, 115.0, 262.0, 115.0, 138.0, 212.0, 195.0, 280.0, 262.0, 124.0]","[21.0, 20.0, 19.0, 19.0, 20.0, 20.0, 21.0, 20.0, 20.0, 20.0, 20.0, 21.0, 19.0, 19.0, 20.0, 21.0, 21.0, 22.0, 22.0, 21.0, 21.0, 23.0, 23.0, 24.0, 23.0, 23.0, 23.0, 23.0, 23.0, 23.0, 23.0, 22.0, 21.0, 21.0]"
compas,sklearn_DT,2,0.03,1,0.0035249439533799887,0.6329925489516548,0.6285516285516286,150046.0,155817.0,1,2,0.9629629629629629,1.0,2,"[3932.0, 1839.0]","[26.0, 26.0]"
compas,sklearn_DT,2,0.03,2,0.00497995619662106,0.6607173800034656,0.6618156618156619,144275.0,155817.0,3,4,0.9259259259259259,2.0,8,"[3316.0, 616.0, 628.0, 1211.0]","[25.0, 25.0, 25.0, 25.0]"
compas,sklearn_DT,2,0.03,3,0.004891715012490749,0.6607173800034656,0.6632016632016632,138504.0,155817.0,7,8,0.8888888888888888,3.0,24,"[2195.0, 1121.0, 313.0, 303.0, 251.0, 377.0, 350.0, 861.0]","[24.0, 24.0, 24.0, 24.0, 24.0, 24.0, 24.0, 24.0]"
compas,sklearn_DT,2,0.03,4,0.006074786884710193,0.6607173800034656,0.6632016632016632,134327.0,155817.0,10,11,0.8620818010871728,3.7237913706463353,39,"[892.0, 1303.0, 506.0, 615.0, 303.0, 313.0, 251.0, 377.0, 350.0, 195.0, 666.0]","[23.0, 23.0, 23.0, 23.0, 24.0, 24.0, 24.0, 24.0, 24.0, 23.0, 23.0]"
compas,sklearn_DT,2,0.03,5,0.005985930096358061,0.6640097036908681,0.6832986832986833,130345.0,155817.0,15,16,0.8365261813537676,4.413793103448276,69,"[512.0, 380.0, 747.0, 556.0, 303.0, 312.0, 226.0, 280.0, 313.0, 303.0, 251.0, 377.0, 350.0, 195.0, 280.0, 386.0]","[22.0, 22.0, 22.0, 22.0, 22.0, 22.0, 22.0, 22.0, 24.0, 24.0, 24.0, 24.0, 24.0, 23.0, 22.0, 22.0]"
compas,sklearn_DT,2,0.03,6,0.006977742072194815,0.6692081095130826,0.6812196812196812,128530.0,155817.0,18,19,0.8248779016410276,4.7282966556922545,90,"[185.0, 327.0, 380.0, 318.0, 429.0, 347.0, 209.0, 303.0, 312.0, 226.0, 280.0, 303.0, 313.0, 251.0, 377.0, 350.0, 195.0, 280.0, 386.0]","[21.0, 21.0, 22.0, 21.0, 21.0, 21.0, 21.0, 22.0, 22.0, 22.0, 22.0, 24.0, 24.0, 24.0, 24.0, 24.0, 23.0, 22.0, 22.0]"
compas,sklearn_DT,2,0.03,7,0.007012743968516588,0.6692081095130826,0.6812196812196812,128101.0,155817.0,19,20,0.8221246718907437,4.802633858949922,98,"[185.0, 327.0, 380.0, 318.0, 202.0, 227.0, 347.0, 209.0, 303.0, 312.0, 226.0, 280.0, 313.0, 303.0, 251.0, 377.0, 350.0, 195.0, 280.0, 386.0]","[21.0, 21.0, 22.0, 21.0, 20.0, 20.0, 21.0, 21.0, 22.0, 22.0, 22.0, 22.0, 24.0, 24.0, 24.0, 24.0, 24.0, 23.0, 22.0, 22.0]"
compas,sklearn_DT,2,0.03,8,0.006795624969527125,0.6692081095130826,0.6812196812196812,128101.0,155817.0,19,20,0.8221246718907437,4.802633858949922,98,"[185.0, 327.0, 380.0, 318.0, 202.0, 227.0, 347.0, 209.0, 303.0, 312.0, 226.0, 280.0, 313.0, 303.0, 251.0, 377.0, 350.0, 195.0, 280.0, 386.0]","[21.0, 21.0, 22.0, 21.0, 20.0, 20.0, 21.0, 21.0, 22.0, 22.0, 22.0, 22.0, 24.0, 24.0, 24.0, 24.0, 24.0, 23.0, 22.0, 22.0]"
compas,sklearn_DT,2,0.03,9,0.0064945160411298275,0.6692081095130826,0.6812196812196812,128101.0,155817.0,19,20,0.8221246718907437,4.802633858949922,98,"[185.0, 327.0, 380.0, 318.0, 202.0, 227.0, 347.0, 209.0, 303.0, 312.0, 226.0, 280.0, 313.0, 303.0, 251.0, 377.0, 350.0, 195.0, 280.0, 386.0]","[21.0, 21.0, 22.0, 21.0, 20.0, 20.0, 21.0, 21.0, 22.0, 22.0, 22.0, 22.0, 24.0, 24.0, 24.0, 24.0, 24.0, 23.0, 22.0, 22.0]"
compas,sklearn_DT,2,0.03,10,0.006848678924143314,0.6692081095130826,0.6812196812196812,128101.0,155817.0,19,20,0.8221246718907437,4.802633858949922,98,"[185.0, 327.0, 380.0, 318.0, 202.0, 227.0, 347.0, 209.0, 303.0, 312.0, 226.0, 280.0, 313.0, 303.0, 251.0, 377.0, 350.0, 195.0, 280.0, 386.0]","[21.0, 21.0, 22.0, 21.0, 20.0, 20.0, 21.0, 21.0, 22.0, 22.0, 22.0, 22.0, 24.0, 24.0, 24.0, 24.0, 24.0, 23.0, 22.0, 22.0]"
compas,sklearn_DT,2,0.04,1,0.003262725891545415,0.6329925489516548,0.6285516285516286,150046.0,155817.0,1,2,0.9629629629629629,1.0,2,"[3932.0, 1839.0]","[26.0, 26.0]"
compas,sklearn_DT,2,0.04,2,0.0043893009424209595,0.6607173800034656,0.6618156618156619,144275.0,155817.0,3,4,0.9259259259259259,2.0,8,"[3316.0, 616.0, 628.0, 1211.0]","[25.0, 25.0, 25.0, 25.0]"
compas,sklearn_DT,2,0.04,3,0.004915071884170175,0.6607173800034656,0.6632016632016632,138504.0,155817.0,7,8,0.8888888888888888,3.0,24,"[2195.0, 1121.0, 313.0, 303.0, 251.0, 377.0, 350.0, 861.0]","[24.0, 24.0, 24.0, 24.0, 24.0, 24.0, 24.0, 24.0]"
compas,sklearn_DT,2,0.04,4,0.006935685174539685,0.6607173800034656,0.6632016632016632,134327.0,155817.0,10,11,0.8620818010871728,3.7237913706463353,39,"[892.0, 1303.0, 506.0, 615.0, 303.0, 313.0, 251.0, 377.0, 350.0, 432.0, 429.0]","[23.0, 23.0, 23.0, 23.0, 24.0, 24.0, 24.0, 24.0, 24.0, 23.0, 23.0]"
compas,sklearn_DT,2,0.04,5,0.006515349028632045,0.6640097036908681,0.6832986832986833,131517.0,155817.0,13,14,0.8440478253335644,4.2107087159937615,57,"[512.0, 380.0, 747.0, 556.0, 303.0, 312.0, 506.0, 313.0, 303.0, 251.0, 377.0, 350.0, 432.0, 429.0]","[22.0, 22.0, 22.0, 22.0, 22.0, 22.0, 23.0, 24.0, 24.0, 24.0, 24.0, 24.0, 23.0, 23.0]"
compas,sklearn_DT,2,0.04,6,0.006299758097156882,0.6692081095130826,0.6812196812196812,129702.0,155817.0,16,17,0.8323995456208244,4.52521226823774,78,"[272.0, 240.0, 380.0, 318.0, 429.0, 303.0, 253.0, 506.0, 303.0, 312.0, 313.0, 303.0, 251.0, 377.0, 350.0, 432.0, 429.0]","[21.0, 21.0, 22.0, 21.0, 21.0, 21.0, 21.0, 23.0, 22.0, 22.0, 24.0, 24.0, 24.0, 24.0, 24.0, 23.0, 23.0]"
compas,sklearn_DT,2,0.04,7,0.007439970038831234,0.6692081095130826,0.6812196812196812,129702.0,155817.0,16,17,0.8323995456208244,4.52521226823774,78,"[272.0, 240.0, 380.0, 318.0, 429.0, 303.0, 253.0, 506.0, 303.0, 312.0, 313.0, 303.0, 251.0, 377.0, 350.0, 432.0, 429.0]","[21.0, 21.0, 22.0, 21.0, 21.0, 21.0, 21.0, 23.0, 22.0, 22.0, 24.0, 24.0, 24.0, 24.0, 24.0, 23.0, 23.0]"
compas,sklearn_DT,2,0.04,8,0.0065640409011393785,0.6692081095130826,0.6812196812196812,129702.0,155817.0,16,17,0.8323995456208244,4.52521226823774,78,"[272.0, 240.0, 380.0, 318.0, 429.0, 303.0, 253.0, 506.0, 303.0, 312.0, 313.0, 303.0, 251.0, 377.0, 350.0, 432.0, 429.0]","[21.0, 21.0, 22.0, 21.0, 21.0, 21.0, 21.0, 23.0, 22.0, 22.0, 24.0, 24.0, 24.0, 24.0, 24.0, 23.0, 23.0]"
compas,sklearn_DT,2,0.04,9,0.006976835895329714,0.6692081095130826,0.6812196812196812,129702.0,155817.0,16,17,0.8323995456208244,4.52521226823774,78,"[272.0, 240.0, 380.0, 318.0, 429.0, 303.0, 253.0, 506.0, 303.0, 312.0, 313.0, 303.0, 251.0, 377.0, 350.0, 432.0, 429.0]","[21.0, 21.0, 22.0, 21.0, 21.0, 21.0, 21.0, 23.0, 22.0, 22.0, 24.0, 24.0, 24.0, 24.0, 24.0, 23.0, 23.0]"
compas,sklearn_DT,2,0.04,10,0.0062626940198242664,0.6692081095130826,0.6812196812196812,129702.0,155817.0,16,17,0.8323995456208244,4.52521226823774,78,"[272.0, 240.0, 380.0, 318.0, 429.0, 303.0, 253.0, 506.0, 303.0, 312.0, 313.0, 303.0, 251.0, 377.0, 350.0, 432.0, 429.0]","[21.0, 21.0, 22.0, 21.0, 21.0, 21.0, 21.0, 23.0, 22.0, 22.0, 24.0, 24.0, 24.0, 24.0, 24.0, 23.0, 23.0]"
compas,sklearn_DT,2,0.05,1,0.0034480940084904432,0.6329925489516548,0.6285516285516286,150046.0,155817.0,1,2,0.9629629629629629,1.0,2,"[3932.0, 1839.0]","[26.0, 26.0]"
compas,sklearn_DT,2,0.05,2,0.003635186003521085,0.6607173800034656,0.6618156618156619,144275.0,155817.0,3,4,0.9259259259259259,2.0,8,"[3316.0, 616.0, 628.0, 1211.0]","[25.0, 25.0, 25.0, 25.0]"
compas,sklearn_DT,2,0.05,3,0.0046090499963611364,0.6607173800034656,0.6632016632016632,139132.0,155817.0,6,7,0.8929192578473466,2.8911800381216426,20,"[2195.0, 1121.0, 313.0, 303.0, 628.0, 350.0, 861.0]","[24.0, 24.0, 24.0, 24.0, 25.0, 24.0, 24.0]"
compas,sklearn_DT,2,0.05,4,0.0050967540591955185,0.6607173800034656,0.6632016632016632,134955.0,155817.0,9,10,0.8661121700456305,3.614971408767978,35,"[892.0, 1303.0, 506.0, 615.0, 303.0, 313.0, 628.0, 350.0, 432.0, 429.0]","[23.0, 23.0, 23.0, 23.0, 24.0, 24.0, 25.0, 24.0, 23.0, 23.0]"
compas,sklearn_DT,2,0.05,5,0.005485541885718703,0.6640097036908681,0.6832986832986833,132145.0,155817.0,12,13,0.848078194292022,4.1018887541154045,53,"[512.0, 380.0, 747.0, 556.0, 303.0, 312.0, 506.0, 313.0, 303.0, 628.0, 350.0, 432.0, 429.0]","[22.0, 22.0, 22.0, 22.0, 22.0, 22.0, 23.0, 24.0, 24.0, 25.0, 24.0, 23.0, 23.0]"
compas,sklearn_DT,2,0.05,6,0.005843461956828833,0.6692081095130826,0.6812196812196812,131398.0,155817.0,13,14,0.8432841089226465,4.231329059088546,60,"[512.0, 380.0, 318.0, 429.0, 556.0, 303.0, 312.0, 506.0, 313.0, 303.0, 628.0, 350.0, 432.0, 429.0]","[22.0, 22.0, 21.0, 21.0, 22.0, 22.0, 22.0, 23.0, 24.0, 24.0, 25.0, 24.0, 23.0, 23.0]"
compas,sklearn_DT,2,0.05,7,0.006597484927624464,0.6692081095130826,0.6812196812196812,131398.0,155817.0,13,14,0.8432841089226465,4.231329059088546,60,"[512.0, 380.0, 318.0, 429.0, 556.0, 303.0, 312.0, 506.0, 313.0, 303.0, 628.0, 350.0, 432.0, 429.0]","[22.0, 22.0, 21.0, 21.0, 22.0, 22.0, 22.0, 23.0, 24.0, 24.0, 25.0, 24.0, 23.0, 23.0]"
compas,sklearn_DT,2,0.05,8,0.006716378964483738,0.6692081095130826,0.6812196812196812,131398.0,155817.0,13,14,0.8432841089226465,4.231329059088546,60,"[512.0, 380.0, 318.0, 429.0, 556.0, 303.0, 312.0, 506.0, 313.0, 303.0, 628.0, 350.0, 432.0, 429.0]","[22.0, 22.0, 21.0, 21.0, 22.0, 22.0, 22.0, 23.0, 24.0, 24.0, 25.0, 24.0, 23.0, 23.0]"
compas,sklearn_DT,2,0.05,9,0.005444473121315241,0.6692081095130826,0.6812196812196812,131398.0,155817.0,13,14,0.8432841089226465,4.231329059088546,60,"[512.0, 380.0, 318.0, 429.0, 556.0, 303.0, 312.0, 506.0, 313.0, 303.0, 628.0, 350.0, 432.0, 429.0]","[22.0, 22.0, 21.0, 21.0, 22.0, 22.0, 22.0, 23.0, 24.0, 24.0, 25.0, 24.0, 23.0, 23.0]"
compas,sklearn_DT,2,0.05,10,0.005575172835960984,0.6692081095130826,0.6812196812196812,131398.0,155817.0,13,14,0.8432841089226465,4.231329059088546,60,"[512.0, 380.0, 318.0, 429.0, 556.0, 303.0, 312.0, 506.0, 313.0, 303.0, 628.0, 350.0, 432.0, 429.0]","[22.0, 22.0, 21.0, 21.0, 22.0, 22.0, 22.0, 23.0, 24.0, 24.0, 25.0, 24.0, 23.0, 23.0]"
compas,sklearn_DT,3,0.01,1,0.0026606509927660227,0.6340322301160978,0.6243936243936244,150046.0,155817.0,1,2,0.9629629629629629,1.0,2,"[3968.0, 1803.0]","[26.0, 26.0]"
compas,sklearn_DT,3,0.01,2,0.004265018040314317,0.663143302720499,0.6521136521136521,144275.0,155817.0,3,4,0.9259259259259259,2.0,8,"[3348.0, 620.0, 594.0, 1209.0]","[25.0, 25.0, 25.0, 25.0]"
compas,sklearn_DT,3,0.01,3,0.005306595005095005,0.6671287471841968,0.647955647955648,138504.0,155817.0,7,8,0.8888888888888888,3.0,24,"[2219.0, 1129.0, 108.0, 512.0, 444.0, 150.0, 353.0, 856.0]","[24.0, 24.0, 24.0, 24.0, 24.0, 24.0, 24.0, 24.0]"
compas,sklearn_DT,3,0.01,4,0.006622389890253544,0.670767631259747,0.6555786555786556,132841.0,155817.0,14,15,0.8525449726281471,3.9812857390400276,59,"[916.0, 1303.0, 610.0, 519.0, 108.0, 172.0, 340.0, 171.0, 273.0, 60.0, 90.0, 241.0, 112.0, 789.0, 67.0]","[23.0, 23.0, 23.0, 23.0, 24.0, 23.0, 23.0, 23.0, 23.0, 23.0, 23.0, 23.0, 23.0, 23.0, 23.0]"
compas,sklearn_DT,3,0.01,5,0.007660856004804373,0.6714607520360423,0.6534996534996536,127507.0,155817.0,24,25,0.8183125076211196,4.905562294229769,119,"[235.0, 681.0, 740.0, 563.0, 395.0, 124.0, 296.0, 314.0, 108.0, 109.0, 63.0, 271.0, 69.0, 87.0, 84.0, 179.0, 94.0, 60.0, 90.0, 119.0, 122.0, 112.0, 168.0, 621.0, 67.0]","[22.0, 22.0, 22.0, 22.0, 22.0, 22.0, 22.0, 22.0, 24.0, 22.0, 22.0, 22.0, 22.0, 22.0, 22.0, 22.0, 22.0, 23.0, 23.0, 22.0, 22.0, 23.0, 22.0, 22.0, 23.0]"
compas,sklearn_DT,3,0.01,6,0.006691225105896592,0.677352278634552,0.681912681912682,123099.0,155817.0,35,36,0.7900229114923275,5.669381389707157,196,"[106.0, 129.0, 377.0, 304.0, 316.0, 424.0, 123.0, 440.0, 100.0, 295.0, 66.0, 58.0, 106.0, 190.0, 66.0, 248.0, 108.0, 109.0, 63.0, 141.0, 130.0, 69.0, 87.0, 84.0, 179.0, 94.0, 60.0, 90.0, 119.0, 122.0, 112.0, 89.0, 79.0, 335.0, 286.0, 67.0]","[21.0, 21.0, 21.0, 21.0, 21.0, 21.0, 21.0, 21.0, 21.0, 21.0, 21.0, 21.0, 21.0, 21.0, 21.0, 21.0, 24.0, 22.0, 22.0, 21.0, 21.0, 22.0, 22.0, 22.0, 22.0, 22.0, 23.0, 23.0, 22.0, 22.0, 23.0, 21.0, 21.0, 21.0, 21.0, 23.0]"
compas,sklearn_DT,3,0.01,7,0.006850075908005238,0.677352278634552,0.681912681912682,119614.0,155817.0,47,48,0.7676569308868737,6.27326286605441,292,"[106.0, 70.0, 59.0, 215.0, 162.0, 196.0, 108.0, 251.0, 65.0, 66.0, 358.0, 123.0, 284.0, 156.0, 100.0, 78.0, 217.0, 66.0, 58.0, 106.0, 127.0, 63.0, 66.0, 147.0, 101.0, 108.0, 109.0, 63.0, 130.0, 66.0, 75.0, 69.0, 87.0, 84.0, 179.0, 94.0, 60.0, 90.0, 119.0, 122.0, 112.0, 89.0, 79.0, 249.0, 86.0, 219.0, 67.0, 67.0]","[21.0, 20.0, 20.0, 20.0, 20.0, 20.0, 20.0, 20.0, 20.0, 20.0, 20.0, 21.0, 20.0, 20.0, 21.0, 20.0, 20.0, 21.0, 21.0, 21.0, 20.0, 20.0, 21.0, 20.0, 20.0, 24.0, 22.0, 22.0, 21.0, 20.0, 20.0, 22.0, 22.0, 22.0, 22.0, 22.0, 23.0, 23.0, 22.0, 22.0, 23.0, 21.0, 21.0, 20.0, 20.0, 20.0, 20.0, 23.0]"
compas,sklearn_DT,3,0.01,8,0.007143466966226697,0.6775255588286259,0.6708246708246708,117307.0,155817.0,57,58,0.7528511009710108,6.673020273782707,382,"[106.0, 70.0, 59.0, 115.0, 100.0, 85.0, 77.0, 90.0, 106.0, 108.0, 168.0, 83.0, 65.0, 59.0, 299.0, 66.0, 123.0, 168.0, 116.0, 89.0, 67.0, 106.0, 127.0, 63.0, 66.0, 147.0, 101.0, 100.0, 78.0, 90.0, 127.0, 66.0, 58.0, 108.0, 109.0, 63.0, 66.0, 75.0, 130.0, 69.0, 87.0, 84.0, 179.0, 94.0, 60.0, 90.0, 119.0, 122.0, 112.0, 89.0, 79.0, 187.0, 62.0, 86.0, 148.0, 71.0, 67.0, 67.0]","[21.0, 20.0, 20.0, 19.0, 19.0, 19.0, 19.0, 19.0, 19.0, 20.0, 19.0, 19.0, 20.0, 19.0, 19.0, 20.0, 21.0, 19.0, 19.0, 19.0, 19.0, 21.0, 20.0, 20.0, 21.0, 20.0, 20.0, 21.0, 20.0, 19.0, 19.0, 21.0, 21.0, 24.0, 22.0, 22.0, 20.0, 20.0, 21.0, 22.0, 22.0, 22.0, 22.0, 22.0, 23.0, 23.0, 22.0, 22.0, 23.0, 21.0, 21.0, 19.0, 19.0, 20.0, 19.0, 19.0, 20.0, 23.0]"
compas,sklearn_DT,3,0.01,9,0.0076540999580174685,0.6785652399930688,0.6812196812196812,116840.0,155817.0,59,60,0.7498539953920303,6.753942124415179,402,"[106.0, 70.0, 59.0, 115.0, 100.0, 85.0, 77.0, 90.0, 106.0, 108.0, 98.0, 70.0, 83.0, 65.0, 66.0, 59.0, 71.0, 228.0, 123.0, 168.0, 116.0, 89.0, 67.0, 100.0, 78.0, 90.0, 127.0, 66.0, 58.0, 106.0, 127.0, 63.0, 66.0, 147.0, 101.0, 108.0, 109.0, 63.0, 130.0, 66.0, 75.0, 69.0, 87.0, 84.0, 179.0, 94.0, 60.0, 90.0, 119.0, 122.0, 112.0, 89.0, 79.0, 187.0, 62.0, 86.0, 148.0, 71.0, 67.0, 67.0]","[21.0, 20.0, 20.0, 19.0, 19.0, 19.0, 19.0, 19.0, 19.0, 20.0, 18.0, 18.0, 19.0, 20.0, 20.0, 19.0, 18.0, 18.0, 21.0, 19.0, 19.0, 19.0, 19.0, 21.0, 20.0, 19.0, 19.0, 21.0, 21.0, 21.0, 20.0, 20.0, 21.0, 20.0, 20.0, 24.0, 22.0, 22.0, 21.0, 20.0, 20.0, 22.0, 22.0, 22.0, 22.0, 22.0, 23.0, 23.0, 22.0, 22.0, 23.0, 21.0, 21.0, 19.0, 19.0, 20.0, 19.0, 19.0, 20.0, 23.0]"
compas,sklearn_DT,3,0.01,10,0.009378623915836215,0.6785652399930688,0.6694386694386695,116612.0,155817.0,60,61,0.7483907404198515,6.79345000866401,413,"[106.0, 70.0, 59.0, 115.0, 100.0, 85.0, 77.0, 90.0, 106.0, 108.0, 98.0, 70.0, 83.0, 65.0, 66.0, 59.0, 71.0, 142.0, 86.0, 123.0, 168.0, 116.0, 89.0, 67.0, 106.0, 127.0, 63.0, 66.0, 147.0, 101.0, 100.0, 78.0, 90.0, 127.0, 66.0, 58.0, 108.0, 109.0, 63.0, 130.0, 66.0, 75.0, 69.0, 87.0, 84.0, 179.0, 94.0, 60.0, 90.0, 119.0, 122.0, 112.0, 89.0, 79.0, 187.0, 62.0, 86.0, 148.0, 71.0, 67.0, 67.0]","[21.0, 20.0, 20.0, 19.0, 19.0, 19.0, 19.0, 19.0, 19.0, 20.0, 18.0, 18.0, 19.0, 20.0, 20.0, 19.0, 18.0, 17.0, 17.0, 21.0, 19.0, 19.0, 19.0, 19.0, 21.0, 20.0, 20.0, 21.0, 20.0, 20.0, 21.0, 20.0, 19.0, 19.0, 21.0, 21.0, 24.0, 22.0, 22.0, 21.0, 20.0, 20.0, 22.0, 22.0, 22.0, 22.0, 22.0, 23.0, 23.0, 22.0, 22.0, 23.0, 21.0, 21.0, 19.0, 19.0, 20.0, 19.0, 19.0, 20.0, 23.0]"
compas,sklearn_DT,3,0.02,1,0.0038658329285681248,0.6340322301160978,0.6243936243936244,150046.0,155817.0,1,2,0.9629629629629629,1.0,2,"[3968.0, 1803.0]","[26.0, 26.0]"
compas,sklearn_DT,3,0.02,2,0.00424211984500289,0.663143302720499,0.6521136521136521,144275.0,155817.0,3,4,0.9259259259259259,2.0,8,"[3348.0, 620.0, 594.0, 1209.0]","[25.0, 25.0, 25.0, 25.0]"
compas,sklearn_DT,3,0.02,3,0.005497039062902331,0.6636631433027205,0.6514206514206514,138504.0,155817.0,7,8,0.8888888888888888,3.0,24,"[2219.0, 1129.0, 196.0, 424.0, 444.0, 150.0, 353.0, 856.0]","[24.0, 24.0, 24.0, 24.0, 24.0, 24.0, 24.0, 24.0]"
compas,sklearn_DT,3,0.02,4,0.005986219039186835,0.6674753075723445,0.6611226611226612,133079.0,155817.0,13,14,0.854072405449983,3.940045052850459,54,"[916.0, 1303.0, 610.0, 519.0, 196.0, 170.0, 254.0, 171.0, 273.0, 150.0, 141.0, 212.0, 441.0, 415.0]","[23.0, 23.0, 23.0, 23.0, 24.0, 23.0, 23.0, 23.0, 23.0, 24.0, 23.0, 23.0, 23.0, 23.0]"
compas,sklearn_DT,3,0.02,5,0.006760176038369536,0.6674753075723445,0.6611226611226612,128602.0,155817.0,20,21,0.8253399821585578,4.715820481718939,96,"[235.0, 681.0, 740.0, 563.0, 395.0, 124.0, 296.0, 314.0, 196.0, 170.0, 254.0, 171.0, 122.0, 151.0, 150.0, 141.0, 212.0, 125.0, 316.0, 298.0, 117.0]","[22.0, 22.0, 22.0, 22.0, 22.0, 22.0, 22.0, 22.0, 24.0, 23.0, 23.0, 23.0, 22.0, 22.0, 24.0, 23.0, 23.0, 22.0, 22.0, 22.0, 22.0]"
compas,sklearn_DT,3,0.02,6,0.007023070938885212,0.6733668341708543,0.6895356895356896,125593.0,155817.0,26,27,0.8060288671967757,5.237220585687056,138,"[235.0, 377.0, 304.0, 316.0, 424.0, 123.0, 440.0, 155.0, 240.0, 124.0, 296.0, 187.0, 127.0, 196.0, 254.0, 170.0, 171.0, 122.0, 151.0, 150.0, 141.0, 212.0, 125.0, 122.0, 194.0, 298.0, 117.0]","[22.0, 21.0, 21.0, 21.0, 21.0, 21.0, 21.0, 21.0, 21.0, 22.0, 22.0, 21.0, 21.0, 24.0, 23.0, 23.0, 23.0, 22.0, 22.0, 24.0, 23.0, 23.0, 22.0, 21.0, 21.0, 22.0, 22.0]"
compas,sklearn_DT,3,0.02,7,0.007823106134310365,0.6733668341708543,0.6777546777546778,123732.0,155817.0,31,32,0.7940853693756137,5.55969502685843,178,"[235.0, 215.0, 162.0, 178.0, 126.0, 174.0, 142.0, 202.0, 222.0, 123.0, 284.0, 156.0, 296.0, 187.0, 127.0, 155.0, 240.0, 124.0, 196.0, 170.0, 254.0, 171.0, 122.0, 151.0, 150.0, 141.0, 212.0, 125.0, 122.0, 194.0, 298.0, 117.0]","[22.0, 20.0, 20.0, 20.0, 20.0, 20.0, 20.0, 20.0, 20.0, 21.0, 20.0, 20.0, 22.0, 21.0, 21.0, 21.0, 21.0, 22.0, 24.0, 23.0, 23.0, 23.0, 22.0, 22.0, 24.0, 23.0, 23.0, 22.0, 21.0, 21.0, 22.0, 22.0]"
compas,sklearn_DT,3,0.02,8,0.007478659972548485,0.6733668341708543,0.6777546777546778,123448.0,155817.0,32,33,0.7922627184453558,5.608906601975394,187,"[235.0, 215.0, 162.0, 178.0, 126.0, 174.0, 142.0, 202.0, 222.0, 123.0, 168.0, 116.0, 156.0, 296.0, 187.0, 127.0, 155.0, 240.0, 124.0, 196.0, 170.0, 254.0, 171.0, 122.0, 151.0, 150.0, 141.0, 212.0, 125.0, 122.0, 194.0, 298.0, 117.0]","[22.0, 20.0, 20.0, 20.0, 20.0, 20.0, 20.0, 20.0, 20.0, 21.0, 19.0, 19.0, 20.0, 22.0, 21.0, 21.0, 21.0, 21.0, 22.0, 24.0, 23.0, 23.0, 23.0, 22.0, 22.0, 24.0, 23.0, 23.0, 22.0, 21.0, 21.0, 22.0, 22.0]"
compas,sklearn_DT,3,0.02,9,0.007907346822321415,0.6733668341708543,0.6777546777546778,123448.0,155817.0,32,33,0.7922627184453558,5.608906601975394,187,"[235.0, 215.0, 162.0, 178.0, 126.0, 174.0, 142.0, 202.0, 222.0, 123.0, 168.0, 116.0, 156.0, 296.0, 187.0, 127.0, 155.0, 240.0, 124.0, 196.0, 170.0, 254.0, 171.0, 122.0, 151.0, 150.0, 141.0, 212.0, 125.0, 122.0, 194.0, 298.0, 117.0]","[22.0, 20.0, 20.0, 20.0, 20.0, 20.0, 20.0, 20.0, 20.0, 21.0, 19.0, 19.0, 20.0, 22.0, 21.0, 21.0, 21.0, 21.0, 22.0, 24.0, 23.0, 23.0, 23.0, 22.0, 22.0, 24.0, 23.0, 23.0, 22.0, 21.0, 21.0, 22.0, 22.0]"
compas,sklearn_DT,3,0.02,10,0.006579849869012833,0.6733668341708543,0.6777546777546778,123448.0,155817.0,32,33,0.7922627184453558,5.608906601975394,187,"[235.0, 215.0, 162.0, 178.0, 126.0, 174.0, 142.0, 202.0, 222.0, 123.0, 168.0, 116.0, 156.0, 296.0, 187.0, 127.0, 155.0, 240.0, 124.0, 196.0, 170.0, 254.0, 171.0, 122.0, 151.0, 150.0, 141.0, 212.0, 125.0, 122.0, 194.0, 298.0, 117.0]","[22.0, 20.0, 20.0, 20.0, 20.0, 20.0, 20.0, 20.0, 20.0, 21.0, 19.0, 19.0, 20.0, 22.0, 21.0, 21.0, 21.0, 21.0, 22.0, 24.0, 23.0, 23.0, 23.0, 22.0, 22.0, 24.0, 23.0, 23.0, 22.0, 21.0, 21.0, 22.0, 22.0]"
compas,sklearn_DT,3,0.03,1,0.002956584095954895,0.6340322301160978,0.6243936243936244,150046.0,155817.0,1,2,0.9629629629629629,1.0,2,"[3968.0, 1803.0]","[26.0, 26.0]"
compas,sklearn_DT,3,0.03,2,0.004383845953270793,0.663143302720499,0.6521136521136521,144275.0,155817.0,3,4,0.9259259259259259,2.0,8,"[3348.0, 620.0, 594.0, 1209.0]","[25.0, 25.0, 25.0, 25.0]"
compas,sklearn_DT,3,0.03,3,0.0047952099703252316,0.6636631433027205,0.6514206514206514,138504.0,155817.0,7,8,0.8888888888888888,3.0,24,"[2219.0, 1129.0, 196.0, 424.0, 231.0, 363.0, 353.0, 856.0]","[24.0, 24.0, 24.0, 24.0, 24.0, 24.0, 24.0, 24.0]"
compas,sklearn_DT,3,0.03,4,0.0070360261015594006,0.6662623462138277,0.6555786555786556,133523.0,155817.0,12,13,0.8569219019747525,3.863108646681684,49,"[916.0, 1303.0, 610.0, 519.0, 196.0, 173.0, 251.0, 231.0, 363.0, 179.0, 174.0, 441.0, 415.0]","[23.0, 23.0, 23.0, 23.0, 24.0, 23.0, 23.0, 24.0, 24.0, 23.0, 23.0, 23.0, 23.0]"
compas,sklearn_DT,3,0.03,5,0.006013891892507672,0.6662623462138277,0.6555786555786556,130175.0,155817.0,16,17,0.8354351579095991,4.443250736440825,73,"[235.0, 681.0, 740.0, 563.0, 231.0, 288.0, 296.0, 314.0, 196.0, 173.0, 251.0, 231.0, 363.0, 179.0, 174.0, 441.0, 415.0]","[22.0, 22.0, 22.0, 22.0, 22.0, 22.0, 22.0, 22.0, 24.0, 23.0, 23.0, 24.0, 24.0, 23.0, 23.0, 23.0, 23.0]"
compas,sklearn_DT,3,0.03,6,0.006729579996317625,0.6721538728123375,0.683991683991684,128191.0,155817.0,19,20,0.8227022725376564,4.787038641483279,94,"[235.0, 377.0, 304.0, 316.0, 424.0, 353.0, 210.0, 296.0, 314.0, 231.0, 288.0, 196.0, 173.0, 251.0, 231.0, 363.0, 179.0, 174.0, 441.0, 415.0]","[22.0, 21.0, 21.0, 21.0, 21.0, 21.0, 21.0, 22.0, 22.0, 22.0, 22.0, 24.0, 23.0, 23.0, 24.0, 24.0, 23.0, 23.0, 23.0, 23.0]"
compas,sklearn_DT,3,0.03,7,0.006456261966377497,0.6721538728123375,0.6722106722106722,127390.0,155817.0,21,22,0.8175616267801331,4.925836076936406,110,"[235.0, 189.0, 188.0, 304.0, 316.0, 202.0, 222.0, 353.0, 210.0, 231.0, 288.0, 296.0, 314.0, 196.0, 173.0, 251.0, 231.0, 363.0, 179.0, 174.0, 441.0, 415.0]","[22.0, 20.0, 20.0, 21.0, 21.0, 20.0, 20.0, 21.0, 21.0, 22.0, 22.0, 22.0, 22.0, 24.0, 23.0, 23.0, 24.0, 24.0, 23.0, 23.0, 23.0, 23.0]"
compas,sklearn_DT,3,0.03,8,0.006569946883246303,0.6721538728123375,0.6722106722106722,127390.0,155817.0,21,22,0.8175616267801331,4.925836076936406,110,"[235.0, 189.0, 188.0, 304.0, 316.0, 202.0, 222.0, 353.0, 210.0, 231.0, 288.0, 296.0, 314.0, 196.0, 173.0, 251.0, 231.0, 363.0, 179.0, 174.0, 441.0, 415.0]","[22.0, 20.0, 20.0, 21.0, 21.0, 20.0, 20.0, 21.0, 21.0, 22.0, 22.0, 22.0, 22.0, 24.0, 23.0, 23.0, 24.0, 24.0, 23.0, 23.0, 23.0, 23.0]"
compas,sklearn_DT,3,0.03,9,0.007037653122097254,0.6721538728123375,0.6722106722106722,127390.0,155817.0,21,22,0.8175616267801331,4.925836076936406,110,"[235.0, 189.0, 188.0, 304.0, 316.0, 202.0, 222.0, 353.0, 210.0, 231.0, 288.0, 296.0, 314.0, 196.0, 173.0, 251.0, 231.0, 363.0, 179.0, 174.0, 441.0, 415.0]","[22.0, 20.0, 20.0, 21.0, 21.0, 20.0, 20.0, 21.0, 21.0, 22.0, 22.0, 22.0, 22.0, 24.0, 23.0, 23.0, 24.0, 24.0, 23.0, 23.0, 23.0, 23.0]"
compas,sklearn_DT,3,0.03,10,0.007219992112368345,0.6721538728123375,0.6722106722106722,127390.0,155817.0,21,22,0.8175616267801331,4.925836076936406,110,"[235.0, 189.0, 188.0, 304.0, 316.0, 202.0, 222.0, 353.0, 210.0, 231.0, 288.0, 296.0, 314.0, 196.0, 173.0, 251.0, 231.0, 363.0, 179.0, 174.0, 441.0, 415.0]","[22.0, 20.0, 20.0, 21.0, 21.0, 20.0, 20.0, 21.0, 21.0, 22.0, 22.0, 22.0, 22.0, 24.0, 23.0, 23.0, 24.0, 24.0, 23.0, 23.0, 23.0, 23.0]"
compas,sklearn_DT,3,0.04,1,0.0030195831786841154,0.6340322301160978,0.6243936243936244,150046.0,155817.0,1,2,0.9629629629629629,1.0,2,"[3968.0, 1803.0]","[26.0, 26.0]"
compas,sklearn_DT,3,0.04,2,0.0048038549721241,0.663143302720499,0.6521136521136521,144275.0,155817.0,3,4,0.9259259259259259,2.0,8,"[3348.0, 620.0, 594.0, 1209.0]","[25.0, 25.0, 25.0, 25.0]"
compas,sklearn_DT,3,0.04,3,0.005151089979335666,0.6636631433027205,0.6514206514206514,138504.0,155817.0,7,8,0.8888888888888888,3.0,24,"[2219.0, 1129.0, 303.0, 317.0, 231.0, 363.0, 353.0, 856.0]","[24.0, 24.0, 24.0, 24.0, 24.0, 24.0, 24.0, 24.0]"
compas,sklearn_DT,3,0.04,4,0.006272200960665941,0.6636631433027205,0.6514206514206514,134300.0,155817.0,10,11,0.861908520893099,3.728469935886328,39,"[916.0, 1303.0, 610.0, 519.0, 303.0, 317.0, 231.0, 363.0, 353.0, 441.0, 415.0]","[23.0, 23.0, 23.0, 23.0, 24.0, 24.0, 24.0, 24.0, 24.0, 23.0, 23.0]"
compas,sklearn_DT,3,0.04,5,0.006262217182666063,0.6636631433027205,0.6514206514206514,130952.0,155817.0,14,15,0.8404217768279456,4.308612025645469,63,"[235.0, 681.0, 740.0, 563.0, 231.0, 288.0, 296.0, 314.0, 317.0, 303.0, 231.0, 363.0, 353.0, 441.0, 415.0]","[22.0, 22.0, 22.0, 22.0, 22.0, 22.0, 22.0, 22.0, 24.0, 24.0, 24.0, 24.0, 24.0, 23.0, 23.0]"
compas,sklearn_DT,3,0.04,6,0.006687570828944445,0.6695546699012302,0.6798336798336798,128968.0,155817.0,17,18,0.8276888914560029,4.652399930687922,84,"[235.0, 377.0, 304.0, 316.0, 424.0, 313.0, 250.0, 296.0, 314.0, 231.0, 288.0, 303.0, 317.0, 231.0, 363.0, 353.0, 441.0, 415.0]","[22.0, 21.0, 21.0, 21.0, 21.0, 21.0, 21.0, 22.0, 22.0, 22.0, 22.0, 24.0, 24.0, 24.0, 24.0, 24.0, 23.0, 23.0]"
compas,sklearn_DT,3,0.04,7,0.00727120297960937,0.6695546699012302,0.6798336798336798,128968.0,155817.0,17,18,0.8276888914560029,4.652399930687922,84,"[235.0, 377.0, 304.0, 316.0, 424.0, 313.0, 250.0, 296.0, 314.0, 231.0, 288.0, 303.0, 317.0, 231.0, 363.0, 353.0, 441.0, 415.0]","[22.0, 21.0, 21.0, 21.0, 21.0, 21.0, 21.0, 22.0, 22.0, 22.0, 22.0, 24.0, 24.0, 24.0, 24.0, 24.0, 23.0, 23.0]"
compas,sklearn_DT,3,0.04,8,0.00718332314863801,0.6695546699012302,0.6798336798336798,128968.0,155817.0,17,18,0.8276888914560029,4.652399930687922,84,"[235.0, 377.0, 304.0, 316.0, 424.0, 313.0, 250.0, 296.0, 314.0, 231.0, 288.0, 303.0, 317.0, 231.0, 363.0, 353.0, 441.0, 415.0]","[22.0, 21.0, 21.0, 21.0, 21.0, 21.0, 21.0, 22.0, 22.0, 22.0, 22.0, 24.0, 24.0, 24.0, 24.0, 24.0, 23.0, 23.0]"
compas,sklearn_DT,3,0.04,9,0.007092655170708895,0.6695546699012302,0.6798336798336798,128968.0,155817.0,17,18,0.8276888914560029,4.652399930687922,84,"[235.0, 377.0, 304.0, 316.0, 424.0, 313.0, 250.0, 296.0, 314.0, 231.0, 288.0, 303.0, 317.0, 231.0, 363.0, 353.0, 441.0, 415.0]","[22.0, 21.0, 21.0, 21.0, 21.0, 21.0, 21.0, 22.0, 22.0, 22.0, 22.0, 24.0, 24.0, 24.0, 24.0, 24.0, 23.0, 23.0]"
compas,sklearn_DT,3,0.04,10,0.006544569041579962,0.6695546699012302,0.6798336798336798,128968.0,155817.0,17,18,0.8276888914560029,4.652399930687922,84,"[235.0, 377.0, 304.0, 316.0, 424.0, 313.0, 250.0, 296.0, 314.0, 231.0, 288.0, 303.0, 317.0, 231.0, 363.0, 353.0, 441.0, 415.0]","[22.0, 21.0, 21.0, 21.0, 21.0, 21.0, 21.0, 22.0, 22.0, 22.0, 22.0, 24.0, 24.0, 24.0, 24.0, 24.0, 23.0, 23.0]"
compas,sklearn_DT,3,0.05,1,0.003621967975050211,0.6340322301160978,0.6243936243936244,150046.0,155817.0,1,2,0.9629629629629629,1.0,2,"[3968.0, 1803.0]","[26.0, 26.0]"
compas,sklearn_DT,3,0.05,2,0.004492072854191065,0.663143302720499,0.6521136521136521,144275.0,155817.0,3,4,0.9259259259259259,2.0,8,"[3348.0, 620.0, 594.0, 1209.0]","[25.0, 25.0, 25.0, 25.0]"
compas,sklearn_DT,3,0.05,3,0.006184452911838889,0.6636631433027205,0.6514206514206514,139098.0,155817.0,6,7,0.8927010531585129,2.8970715647201524,20,"[2219.0, 1129.0, 303.0, 317.0, 594.0, 353.0, 856.0]","[24.0, 24.0, 24.0, 24.0, 25.0, 24.0, 24.0]"
compas,sklearn_DT,3,0.05,4,0.006268129916861653,0.6636631433027205,0.6514206514206514,134894.0,155817.0,9,10,0.8657206851627229,3.625541500606481,35,"[916.0, 1303.0, 610.0, 519.0, 303.0, 317.0, 594.0, 353.0, 441.0, 415.0]","[23.0, 23.0, 23.0, 23.0, 24.0, 24.0, 25.0, 24.0, 23.0, 23.0]"
compas,sklearn_DT,3,0.05,5,0.006267718970775604,0.6636631433027205,0.6514206514206514,132065.0,155817.0,12,13,0.8475647714947663,4.11575116964131,53,"[509.0, 407.0, 740.0, 563.0, 519.0, 296.0, 314.0, 303.0, 317.0, 594.0, 353.0, 441.0, 415.0]","[22.0, 22.0, 22.0, 22.0, 23.0, 22.0, 22.0, 24.0, 24.0, 25.0, 24.0, 23.0, 23.0]"
compas,sklearn_DT,3,0.05,6,0.007399261929094791,0.6695546699012302,0.6798336798336798,131325.0,155817.0,13,14,0.8428156106201505,4.243978513255935,60,"[509.0, 407.0, 316.0, 424.0, 563.0, 519.0, 296.0, 314.0, 317.0, 303.0, 594.0, 353.0, 441.0, 415.0]","[22.0, 22.0, 21.0, 21.0, 22.0, 23.0, 22.0, 22.0, 24.0, 24.0, 25.0, 24.0, 23.0, 23.0]"
compas,sklearn_DT,3,0.05,7,0.005945970071479678,0.6695546699012302,0.6798336798336798,131325.0,155817.0,13,14,0.8428156106201505,4.243978513255935,60,"[509.0, 407.0, 316.0, 424.0, 563.0, 519.0, 296.0, 314.0, 317.0, 303.0, 594.0, 353.0, 441.0, 415.0]","[22.0, 22.0, 21.0, 21.0, 22.0, 23.0, 22.0, 22.0, 24.0, 24.0, 25.0, 24.0, 23.0, 23.0]"
compas,sklearn_DT,3,0.05,8,0.006815753877162933,0.6695546699012302,0.6798336798336798,131325.0,155817.0,13,14,0.8428156106201505,4.243978513255935,60,"[509.0, 407.0, 316.0, 424.0, 563.0, 519.0, 296.0, 314.0, 317.0, 303.0, 594.0, 353.0, 441.0, 415.0]","[22.0, 22.0, 21.0, 21.0, 22.0, 23.0, 22.0, 22.0, 24.0, 24.0, 25.0, 24.0, 23.0, 23.0]"
compas,sklearn_DT,3,0.05,9,0.006831887876614928,0.6695546699012302,0.6798336798336798,131325.0,155817.0,13,14,0.8428156106201505,4.243978513255935,60,"[509.0, 407.0, 316.0, 424.0, 563.0, 519.0, 296.0, 314.0, 317.0, 303.0, 594.0, 353.0, 441.0, 415.0]","[22.0, 22.0, 21.0, 21.0, 22.0, 23.0, 22.0, 22.0, 24.0, 24.0, 25.0, 24.0, 23.0, 23.0]"
compas,sklearn_DT,3,0.05,10,0.005992903141304851,0.6695546699012302,0.6798336798336798,131325.0,155817.0,13,14,0.8428156106201505,4.243978513255935,60,"[509.0, 407.0, 316.0, 424.0, 563.0, 519.0, 296.0, 314.0, 317.0, 303.0, 594.0, 353.0, 441.0, 415.0]","[22.0, 22.0, 21.0, 21.0, 22.0, 23.0, 22.0, 22.0, 24.0, 24.0, 25.0, 24.0, 23.0, 23.0]"
compas,sklearn_DT,4,0.01,1,0.002839606022462249,0.6241552590538901,0.6638946638946639,150046.0,155817.0,1,2,0.9629629629629629,1.0,2,"[3964.0, 1807.0]","[26.0, 26.0]"
compas,sklearn_DT,4,0.01,2,0.00392217212356627,0.6369779934153527,0.6243936243936244,144275.0,155817.0,3,4,0.9259259259259259,2.0,8,"[1874.0, 2090.0, 589.0, 1218.0]","[25.0, 25.0, 25.0, 25.0]"
compas,sklearn_DT,4,0.01,3,0.00489119510166347,0.6487610466123722,0.6715176715176715,138504.0,155817.0,7,8,0.8888888888888888,3.0,24,"[316.0, 1558.0, 900.0, 1190.0, 228.0, 361.0, 351.0, 867.0]","[24.0, 24.0, 24.0, 24.0, 24.0, 24.0, 24.0, 24.0]"
compas,sklearn_DT,4,0.01,4,0.00571373593993485,0.6690348293190088,0.6694386694386695,132733.0,155817.0,15,16,0.8518518518518519,4.0,64,"[248.0, 68.0, 751.0, 807.0, 539.0, 361.0, 573.0, 617.0, 57.0, 171.0, 276.0, 85.0, 142.0, 209.0, 196.0, 671.0]","[23.0, 23.0, 23.0, 23.0, 23.0, 23.0, 23.0, 23.0, 23.0, 23.0, 23.0, 23.0, 23.0, 23.0, 23.0, 23.0]"
compas,sklearn_DT,4,0.01,5,0.005988250020891428,0.6723271530064113,0.6701316701316701,127172.0,155817.0,28,29,0.8161625496576111,4.963611159244499,142,"[123.0, 125.0, 68.0, 478.0, 273.0, 275.0, 532.0, 122.0, 451.0, 296.0, 321.0, 320.0, 219.0, 278.0, 83.0, 57.0, 106.0, 65.0, 218.0, 58.0, 85.0, 77.0, 65.0, 97.0, 112.0, 117.0, 79.0, 377.0, 294.0]","[22.0, 22.0, 23.0, 22.0, 22.0, 22.0, 22.0, 22.0, 22.0, 22.0, 22.0, 22.0, 22.0, 22.0, 22.0, 23.0, 22.0, 22.0, 22.0, 22.0, 23.0, 22.0, 22.0, 22.0, 22.0, 22.0, 22.0, 22.0, 22.0]"
compas,sklearn_DT,4,0.01,6,0.006435747025534511,0.6744065153352972,0.6846846846846847,122718.0,155817.0,42,43,0.787577735420397,5.735401143649281,240,"[123.0, 125.0, 68.0, 212.0, 63.0, 327.0, 205.0, 124.0, 354.0, 197.0, 76.0, 60.0, 62.0, 386.0, 65.0, 59.0, 237.0, 58.0, 263.0, 125.0, 195.0, 109.0, 110.0, 82.0, 196.0, 83.0, 57.0, 106.0, 65.0, 144.0, 74.0, 58.0, 85.0, 77.0, 65.0, 97.0, 112.0, 117.0, 79.0, 136.0, 241.0, 115.0, 179.0]","[22.0, 22.0, 23.0, 21.0, 21.0, 21.0, 21.0, 21.0, 21.0, 21.0, 21.0, 21.0, 21.0, 21.0, 21.0, 21.0, 21.0, 21.0, 21.0, 21.0, 21.0, 21.0, 21.0, 21.0, 21.0, 22.0, 23.0, 22.0, 22.0, 21.0, 21.0, 22.0, 23.0, 22.0, 22.0, 22.0, 22.0, 22.0, 22.0, 21.0, 21.0, 21.0, 21.0]"
compas,sklearn_DT,4,0.01,7,0.0072228258941322565,0.6794316409634379,0.683991683991684,119897.0,155817.0,54,55,0.7694731640321659,6.224224571131519,336,"[123.0, 125.0, 68.0, 74.0, 138.0, 63.0, 215.0, 112.0, 133.0, 72.0, 61.0, 63.0, 198.0, 156.0, 137.0, 60.0, 76.0, 59.0, 66.0, 116.0, 79.0, 109.0, 110.0, 82.0, 74.0, 122.0, 83.0, 60.0, 62.0, 327.0, 59.0, 65.0, 59.0, 74.0, 163.0, 58.0, 155.0, 108.0, 57.0, 106.0, 65.0, 144.0, 74.0, 58.0, 85.0, 77.0, 65.0, 97.0, 112.0, 117.0, 79.0, 136.0, 241.0, 115.0, 179.0]","[22.0, 22.0, 23.0, 20.0, 20.0, 21.0, 20.0, 20.0, 20.0, 20.0, 20.0, 20.0, 20.0, 20.0, 20.0, 20.0, 21.0, 20.0, 20.0, 20.0, 20.0, 21.0, 21.0, 21.0, 20.0, 20.0, 22.0, 21.0, 21.0, 20.0, 20.0, 21.0, 21.0, 20.0, 20.0, 21.0, 20.0, 20.0, 23.0, 22.0, 22.0, 21.0, 21.0, 22.0, 23.0, 22.0, 22.0, 22.0, 22.0, 22.0, 22.0, 21.0, 21.0, 21.0, 21.0]"
compas,sklearn_DT,4,0.01,8,0.006752199027687311,0.6794316409634379,0.683991683991684,118705.0,155817.0,60,61,0.7618231643530552,6.43077456246751,390,"[123.0, 125.0, 68.0, 74.0, 138.0, 63.0, 139.0, 76.0, 112.0, 57.0, 76.0, 72.0, 61.0, 63.0, 89.0, 109.0, 82.0, 74.0, 137.0, 60.0, 76.0, 60.0, 62.0, 187.0, 140.0, 59.0, 65.0, 59.0, 74.0, 98.0, 65.0, 58.0, 155.0, 108.0, 59.0, 66.0, 116.0, 79.0, 109.0, 110.0, 82.0, 74.0, 122.0, 83.0, 57.0, 106.0, 65.0, 144.0, 74.0, 58.0, 85.0, 77.0, 65.0, 97.0, 112.0, 117.0, 79.0, 136.0, 241.0, 115.0, 179.0]","[22.0, 22.0, 23.0, 20.0, 20.0, 21.0, 19.0, 19.0, 20.0, 19.0, 19.0, 20.0, 20.0, 20.0, 19.0, 19.0, 19.0, 19.0, 20.0, 20.0, 21.0, 21.0, 21.0, 19.0, 19.0, 20.0, 21.0, 21.0, 20.0, 19.0, 19.0, 21.0, 20.0, 20.0, 20.0, 20.0, 20.0, 20.0, 21.0, 21.0, 21.0, 20.0, 20.0, 22.0, 23.0, 22.0, 22.0, 21.0, 21.0, 22.0, 23.0, 22.0, 22.0, 22.0, 22.0, 22.0, 22.0, 21.0, 21.0, 21.0, 21.0]"
compas,sklearn_DT,4,0.01,9,0.006822122959420085,0.6794316409634379,0.683991683991684,118518.0,155817.0,61,62,0.7606230385644699,6.463177958759314,400,"[123.0, 125.0, 68.0, 74.0, 138.0, 63.0, 139.0, 76.0, 112.0, 57.0, 76.0, 72.0, 61.0, 63.0, 89.0, 109.0, 82.0, 74.0, 137.0, 60.0, 76.0, 60.0, 62.0, 110.0, 77.0, 140.0, 59.0, 65.0, 59.0, 74.0, 98.0, 65.0, 58.0, 155.0, 108.0, 59.0, 66.0, 116.0, 79.0, 109.0, 110.0, 82.0, 74.0, 122.0, 83.0, 57.0, 106.0, 65.0, 144.0, 74.0, 58.0, 85.0, 77.0, 65.0, 97.0, 112.0, 117.0, 79.0, 136.0, 241.0, 115.0, 179.0]","[22.0, 22.0, 23.0, 20.0, 20.0, 21.0, 19.0, 19.0, 20.0, 19.0, 19.0, 20.0, 20.0, 20.0, 19.0, 19.0, 19.0, 19.0, 20.0, 20.0, 21.0, 21.0, 21.0, 18.0, 18.0, 19.0, 20.0, 21.0, 21.0, 20.0, 19.0, 19.0, 21.0, 20.0, 20.0, 20.0, 20.0, 20.0, 20.0, 21.0, 21.0, 21.0, 20.0, 20.0, 22.0, 23.0, 22.0, 22.0, 21.0, 21.0, 22.0, 23.0, 22.0, 22.0, 22.0, 22.0, 22.0, 22.0, 21.0, 21.0, 21.0, 21.0]"
compas,sklearn_DT,4,0.01,10,0.006744699086993933,0.6794316409634379,0.683991683991684,118518.0,155817.0,61,62,0.7606230385644699,6.463177958759314,400,"[123.0, 125.0, 68.0, 74.0, 138.0, 63.0, 139.0, 76.0, 112.0, 57.0, 76.0, 72.0, 61.0, 63.0, 89.0, 109.0, 82.0, 74.0, 137.0, 60.0, 76.0, 60.0, 62.0, 110.0, 77.0, 140.0, 59.0, 65.0, 59.0, 74.0, 98.0, 65.0, 58.0, 155.0, 108.0, 59.0, 66.0, 116.0, 79.0, 109.0, 110.0, 82.0, 74.0, 122.0, 83.0, 57.0, 106.0, 65.0, 144.0, 74.0, 58.0, 85.0, 77.0, 65.0, 97.0, 112.0, 117.0, 79.0, 136.0, 241.0, 115.0, 179.0]","[22.0, 22.0, 23.0, 20.0, 20.0, 21.0, 19.0, 19.0, 20.0, 19.0, 19.0, 20.0, 20.0, 20.0, 19.0, 19.0, 19.0, 19.0, 20.0, 20.0, 21.0, 21.0, 21.0, 18.0, 18.0, 19.0, 20.0, 21.0, 21.0, 20.0, 19.0, 19.0, 21.0, 20.0, 20.0, 20.0, 20.0, 20.0, 20.0, 21.0, 21.0, 21.0, 20.0, 20.0, 22.0, 23.0, 22.0, 22.0, 21.0, 21.0, 22.0, 23.0, 22.0, 22.0, 22.0, 22.0, 22.0, 22.0, 21.0, 21.0, 21.0, 21.0]"
compas,sklearn_DT,4,0.02,1,0.0029077818617224693,0.6241552590538901,0.6638946638946639,150046.0,155817.0,1,2,0.9629629629629629,1.0,2,"[3964.0, 1807.0]","[26.0, 26.0]"
compas,sklearn_DT,4,0.02,2,0.004199143033474684,0.6369779934153527,0.6243936243936244,144275.0,155817.0,3,4,0.9259259259259259,2.0,8,"[1874.0, 2090.0, 589.0, 1218.0]","[25.0, 25.0, 25.0, 25.0]"
compas,sklearn_DT,4,0.02,3,0.0053510640282183886,0.6487610466123722,0.6715176715176715,138504.0,155817.0,7,8,0.8888888888888888,3.0,24,"[316.0, 1558.0, 900.0, 1190.0, 228.0, 361.0, 351.0, 867.0]","[24.0, 24.0, 24.0, 24.0, 24.0, 24.0, 24.0, 24.0]"
compas,sklearn_DT,4,0.02,4,0.007301504956558347,0.6690348293190088,0.6694386694386695,132961.0,155817.0,14,15,0.8533151068240308,3.9604921157511694,59,"[123.0, 193.0, 751.0, 807.0, 539.0, 361.0, 573.0, 617.0, 228.0, 237.0, 124.0, 142.0, 209.0, 196.0, 671.0]","[23.0, 23.0, 23.0, 23.0, 23.0, 23.0, 23.0, 23.0, 24.0, 23.0, 23.0, 23.0, 23.0, 23.0, 23.0]"
compas,sklearn_DT,4,0.02,5,0.006125500192865729,0.6723271530064113,0.6694386694386695,128642.0,155817.0,21,22,0.8255966935571857,4.708889273955987,101,"[123.0, 193.0, 478.0, 273.0, 275.0, 532.0, 320.0, 219.0, 165.0, 196.0, 122.0, 451.0, 296.0, 321.0, 228.0, 237.0, 124.0, 142.0, 209.0, 196.0, 377.0, 294.0]","[23.0, 23.0, 22.0, 22.0, 22.0, 22.0, 22.0, 22.0, 22.0, 22.0, 22.0, 22.0, 22.0, 22.0, 24.0, 23.0, 23.0, 23.0, 23.0, 23.0, 22.0, 22.0]"
compas,sklearn_DT,4,0.02,6,0.006750183179974556,0.6728469935886329,0.681912681912682,125300.0,155817.0,30,31,0.8041484562018265,5.287991682550684,164,"[123.0, 193.0, 124.0, 354.0, 118.0, 155.0, 275.0, 327.0, 205.0, 125.0, 195.0, 219.0, 165.0, 196.0, 122.0, 290.0, 161.0, 181.0, 115.0, 190.0, 131.0, 228.0, 237.0, 124.0, 142.0, 209.0, 196.0, 136.0, 241.0, 115.0, 179.0]","[23.0, 23.0, 21.0, 21.0, 21.0, 21.0, 22.0, 21.0, 21.0, 21.0, 21.0, 22.0, 22.0, 22.0, 22.0, 21.0, 21.0, 21.0, 21.0, 21.0, 21.0, 24.0, 23.0, 23.0, 23.0, 23.0, 23.0, 21.0, 21.0, 21.0, 21.0]"
compas,sklearn_DT,4,0.02,7,0.008423041785135865,0.6742332351412234,0.6812196812196812,124329.0,155817.0,33,34,0.7979167870001348,5.456246750996361,188,"[123.0, 193.0, 124.0, 198.0, 156.0, 118.0, 155.0, 275.0, 149.0, 178.0, 205.0, 125.0, 195.0, 219.0, 165.0, 196.0, 122.0, 167.0, 123.0, 161.0, 181.0, 115.0, 190.0, 131.0, 228.0, 237.0, 124.0, 142.0, 209.0, 196.0, 136.0, 241.0, 115.0, 179.0]","[23.0, 23.0, 21.0, 20.0, 20.0, 21.0, 21.0, 22.0, 20.0, 20.0, 21.0, 21.0, 21.0, 22.0, 22.0, 22.0, 22.0, 20.0, 20.0, 21.0, 21.0, 21.0, 21.0, 21.0, 24.0, 23.0, 23.0, 23.0, 23.0, 23.0, 21.0, 21.0, 21.0, 21.0]"
compas,sklearn_DT,4,0.02,8,0.006450999993830919,0.6742332351412234,0.6812196812196812,124329.0,155817.0,33,34,0.7979167870001348,5.456246750996361,188,"[123.0, 193.0, 124.0, 198.0, 156.0, 118.0, 155.0, 275.0, 149.0, 178.0, 205.0, 125.0, 195.0, 219.0, 165.0, 196.0, 122.0, 167.0, 123.0, 161.0, 181.0, 115.0, 190.0, 131.0, 228.0, 237.0, 124.0, 142.0, 209.0, 196.0, 136.0, 241.0, 115.0, 179.0]","[23.0, 23.0, 21.0, 20.0, 20.0, 21.0, 21.0, 22.0, 20.0, 20.0, 21.0, 21.0, 21.0, 22.0, 22.0, 22.0, 22.0, 20.0, 20.0, 21.0, 21.0, 21.0, 21.0, 21.0, 24.0, 23.0, 23.0, 23.0, 23.0, 23.0, 21.0, 21.0, 21.0, 21.0]"
compas,sklearn_DT,4,0.02,9,0.0062623589765280485,0.6742332351412234,0.6812196812196812,124329.0,155817.0,33,34,0.7979167870001348,5.456246750996361,188,"[123.0, 193.0, 124.0, 198.0, 156.0, 118.0, 155.0, 275.0, 149.0, 178.0, 205.0, 125.0, 195.0, 219.0, 165.0, 196.0, 122.0, 167.0, 123.0, 161.0, 181.0, 115.0, 190.0, 131.0, 228.0, 237.0, 124.0, 142.0, 209.0, 196.0, 136.0, 241.0, 115.0, 179.0]","[23.0, 23.0, 21.0, 20.0, 20.0, 21.0, 21.0, 22.0, 20.0, 20.0, 21.0, 21.0, 21.0, 22.0, 22.0, 22.0, 22.0, 20.0, 20.0, 21.0, 21.0, 21.0, 21.0, 21.0, 24.0, 23.0, 23.0, 23.0, 23.0, 23.0, 21.0, 21.0, 21.0, 21.0]"
compas,sklearn_DT,4,0.02,10,0.00623379903845489,0.6742332351412234,0.6812196812196812,124329.0,155817.0,33,34,0.7979167870001348,5.456246750996361,188,"[123.0, 193.0, 124.0, 198.0, 156.0, 118.0, 155.0, 275.0, 149.0, 178.0, 205.0, 125.0, 195.0, 219.0, 165.0, 196.0, 122.0, 167.0, 123.0, 161.0, 181.0, 115.0, 190.0, 131.0, 228.0, 237.0, 124.0, 142.0, 209.0, 196.0, 136.0, 241.0, 115.0, 179.0]","[23.0, 23.0, 21.0, 20.0, 20.0, 21.0, 21.0, 22.0, 20.0, 20.0, 21.0, 21.0, 21.0, 22.0, 22.0, 22.0, 22.0, 20.0, 20.0, 21.0, 21.0, 21.0, 21.0, 21.0, 24.0, 23.0, 23.0, 23.0, 23.0, 23.0, 21.0, 21.0, 21.0, 21.0]"
compas,sklearn_DT,4,0.03,1,0.003021477023139596,0.6241552590538901,0.6638946638946639,150046.0,155817.0,1,2,0.9629629629629629,1.0,2,"[3964.0, 1807.0]","[26.0, 26.0]"
compas,sklearn_DT,4,0.03,2,0.004631958203390241,0.6369779934153527,0.6243936243936244,144275.0,155817.0,3,4,0.9259259259259259,2.0,8,"[1874.0, 2090.0, 589.0, 1218.0]","[25.0, 25.0, 25.0, 25.0]"
compas,sklearn_DT,4,0.03,3,0.005349165061488748,0.6487610466123722,0.6715176715176715,138504.0,155817.0,7,8,0.8888888888888888,3.0,24,"[316.0, 1558.0, 900.0, 1190.0, 228.0, 361.0, 351.0, 867.0]","[24.0, 24.0, 24.0, 24.0, 24.0, 24.0, 24.0, 24.0]"
compas,sklearn_DT,4,0.03,4,0.0070748969446867704,0.6667821867960492,0.668052668052668,133638.0,155817.0,12,13,0.8576599472458076,3.843181424363195,49,"[316.0, 807.0, 751.0, 573.0, 617.0, 539.0, 361.0, 228.0, 361.0, 174.0, 177.0, 196.0, 671.0]","[24.0, 23.0, 23.0, 23.0, 23.0, 23.0, 23.0, 24.0, 24.0, 23.0, 23.0, 23.0, 23.0]"
compas,sklearn_DT,4,0.03,5,0.0070671390276402235,0.6700745104834518,0.668052668052668,129680.0,155817.0,18,19,0.8322583543515791,4.529024432507365,85,"[316.0, 275.0, 532.0, 478.0, 273.0, 366.0, 207.0, 296.0, 321.0, 320.0, 219.0, 361.0, 228.0, 361.0, 174.0, 177.0, 196.0, 377.0, 294.0]","[24.0, 22.0, 22.0, 22.0, 22.0, 22.0, 22.0, 22.0, 22.0, 22.0, 22.0, 23.0, 24.0, 24.0, 23.0, 23.0, 23.0, 22.0, 22.0]"
compas,sklearn_DT,4,0.03,6,0.006075161974877119,0.6705943510656732,0.6805266805266805,128670.0,155817.0,20,21,0.8257763915362252,4.70403742852192,99,"[316.0, 275.0, 327.0, 205.0, 248.0, 230.0, 273.0, 366.0, 207.0, 296.0, 321.0, 320.0, 219.0, 361.0, 228.0, 361.0, 174.0, 177.0, 196.0, 377.0, 294.0]","[24.0, 22.0, 21.0, 21.0, 21.0, 21.0, 22.0, 22.0, 22.0, 22.0, 22.0, 22.0, 22.0, 23.0, 24.0, 24.0, 23.0, 23.0, 23.0, 22.0, 22.0]"
compas,sklearn_DT,4,0.03,7,0.0062517470214515924,0.6705943510656732,0.6805266805266805,128670.0,155817.0,20,21,0.8257763915362252,4.70403742852192,99,"[316.0, 275.0, 327.0, 205.0, 248.0, 230.0, 273.0, 366.0, 207.0, 296.0, 321.0, 320.0, 219.0, 361.0, 228.0, 361.0, 174.0, 177.0, 196.0, 377.0, 294.0]","[24.0, 22.0, 21.0, 21.0, 21.0, 21.0, 22.0, 22.0, 22.0, 22.0, 22.0, 22.0, 22.0, 23.0, 24.0, 24.0, 23.0, 23.0, 23.0, 22.0, 22.0]"
compas,sklearn_DT,4,0.03,8,0.007385280099697411,0.6705943510656732,0.6805266805266805,128670.0,155817.0,20,21,0.8257763915362252,4.70403742852192,99,"[316.0, 275.0, 327.0, 205.0, 248.0, 230.0, 273.0, 366.0, 207.0, 296.0, 321.0, 320.0, 219.0, 361.0, 228.0, 361.0, 174.0, 177.0, 196.0, 377.0, 294.0]","[24.0, 22.0, 21.0, 21.0, 21.0, 21.0, 22.0, 22.0, 22.0, 22.0, 22.0, 22.0, 22.0, 23.0, 24.0, 24.0, 23.0, 23.0, 23.0, 22.0, 22.0]"
compas,sklearn_DT,4,0.03,9,0.006561650079675019,0.6705943510656732,0.6805266805266805,128670.0,155817.0,20,21,0.8257763915362252,4.70403742852192,99,"[316.0, 275.0, 327.0, 205.0, 248.0, 230.0, 273.0, 366.0, 207.0, 296.0, 321.0, 320.0, 219.0, 361.0, 228.0, 361.0, 174.0, 177.0, 196.0, 377.0, 294.0]","[24.0, 22.0, 21.0, 21.0, 21.0, 21.0, 22.0, 22.0, 22.0, 22.0, 22.0, 22.0, 22.0, 23.0, 24.0, 24.0, 23.0, 23.0, 23.0, 22.0, 22.0]"
compas,sklearn_DT,4,0.03,10,0.00615602801553905,0.6705943510656732,0.6805266805266805,128670.0,155817.0,20,21,0.8257763915362252,4.70403742852192,99,"[316.0, 275.0, 327.0, 205.0, 248.0, 230.0, 273.0, 366.0, 207.0, 296.0, 321.0, 320.0, 219.0, 361.0, 228.0, 361.0, 174.0, 177.0, 196.0, 377.0, 294.0]","[24.0, 22.0, 21.0, 21.0, 21.0, 21.0, 22.0, 22.0, 22.0, 22.0, 22.0, 22.0, 22.0, 23.0, 24.0, 24.0, 23.0, 23.0, 23.0, 22.0, 22.0]"
compas,sklearn_DT,4,0.04,1,0.0034920950420200825,0.6241552590538901,0.6638946638946639,150046.0,155817.0,1,2,0.9629629629629629,1.0,2,"[3964.0, 1807.0]","[26.0, 26.0]"
compas,sklearn_DT,4,0.04,2,0.004324626992456615,0.6369779934153527,0.6243936243936244,144275.0,155817.0,3,4,0.9259259259259259,2.0,8,"[1874.0, 2090.0, 589.0, 1218.0]","[25.0, 25.0, 25.0, 25.0]"
compas,sklearn_DT,4,0.04,3,0.005652452120557427,0.6487610466123722,0.6715176715176715,139093.0,155817.0,6,7,0.8926689642336844,2.8979379656905215,20,"[316.0, 1558.0, 900.0, 1190.0, 589.0, 351.0, 867.0]","[24.0, 24.0, 24.0, 24.0, 25.0, 24.0, 24.0]"
compas,sklearn_DT,4,0.04,4,0.0057164079044014215,0.6638364234967943,0.6638946638946639,134578.0,155817.0,10,11,0.8636926651135627,3.680298041933807,40,"[316.0, 807.0, 751.0, 573.0, 617.0, 539.0, 361.0, 589.0, 351.0, 553.0, 314.0]","[24.0, 23.0, 23.0, 23.0, 23.0, 23.0, 23.0, 25.0, 24.0, 23.0, 23.0]"
compas,sklearn_DT,4,0.04,5,0.007527224952355027,0.6671287471841968,0.6638946638946639,131291.0,155817.0,15,16,0.8425974059313168,4.249870039854445,70,"[316.0, 275.0, 532.0, 478.0, 273.0, 320.0, 253.0, 296.0, 321.0, 280.0, 259.0, 361.0, 589.0, 351.0, 553.0, 314.0]","[24.0, 22.0, 22.0, 22.0, 22.0, 22.0, 22.0, 22.0, 22.0, 22.0, 22.0, 23.0, 25.0, 24.0, 23.0, 23.0]"
compas,sklearn_DT,4,0.04,6,0.005807066103443503,0.667995148154566,0.6770616770616771,130281.0,155817.0,17,18,0.836115443115963,4.424883035869001,84,"[316.0, 275.0, 235.0, 297.0, 248.0, 230.0, 273.0, 320.0, 253.0, 296.0, 321.0, 280.0, 259.0, 361.0, 589.0, 351.0, 553.0, 314.0]","[24.0, 22.0, 21.0, 21.0, 21.0, 21.0, 22.0, 22.0, 22.0, 22.0, 22.0, 22.0, 22.0, 23.0, 25.0, 24.0, 23.0, 23.0]"
compas,sklearn_DT,4,0.04,7,0.007454416947439313,0.667995148154566,0.6770616770616771,130281.0,155817.0,17,18,0.836115443115963,4.424883035869001,84,"[316.0, 275.0, 235.0, 297.0, 248.0, 230.0, 273.0, 320.0, 253.0, 296.0, 321.0, 280.0, 259.0, 361.0, 589.0, 351.0, 553.0, 314.0]","[24.0, 22.0, 21.0, 21.0, 21.0, 21.0, 22.0, 22.0, 22.0, 22.0, 22.0, 22.0, 22.0, 23.0, 25.0, 24.0, 23.0, 23.0]"
compas,sklearn_DT,4,0.04,8,0.005895741982385516,0.667995148154566,0.6770616770616771,130281.0,155817.0,17,18,0.836115443115963,4.424883035869001,84,"[316.0, 275.0, 235.0, 297.0, 248.0, 230.0, 273.0, 320.0, 253.0, 296.0, 321.0, 280.0, 259.0, 361.0, 589.0, 351.0, 553.0, 314.0]","[24.0, 22.0, 21.0, 21.0, 21.0, 21.0, 22.0, 22.0, 22.0, 22.0, 22.0, 22.0, 22.0, 23.0, 25.0, 24.0, 23.0, 23.0]"
compas,sklearn_DT,4,0.04,9,0.005793998949229717,0.667995148154566,0.6770616770616771,130281.0,155817.0,17,18,0.836115443115963,4.424883035869001,84,"[316.0, 275.0, 235.0, 297.0, 248.0, 230.0, 273.0, 320.0, 253.0, 296.0, 321.0, 280.0, 259.0, 361.0, 589.0, 351.0, 553.0, 314.0]","[24.0, 22.0, 21.0, 21.0, 21.0, 21.0, 22.0, 22.0, 22.0, 22.0, 22.0, 22.0, 22.0, 23.0, 25.0, 24.0, 23.0, 23.0]"
compas,sklearn_DT,4,0.04,10,0.0064064059988595545,0.667995148154566,0.6770616770616771,130281.0,155817.0,17,18,0.836115443115963,4.424883035869001,84,"[316.0, 275.0, 235.0, 297.0, 248.0, 230.0, 273.0, 320.0, 253.0, 296.0, 321.0, 280.0, 259.0, 361.0, 589.0, 351.0, 553.0, 314.0]","[24.0, 22.0, 21.0, 21.0, 21.0, 21.0, 22.0, 22.0, 22.0, 22.0, 22.0, 22.0, 22.0, 23.0, 25.0, 24.0, 23.0, 23.0]"
compas,sklearn_DT,4,0.05,1,0.0033975609694607556,0.6241552590538901,0.6638946638946639,150046.0,155817.0,1,2,0.9629629629629629,1.0,2,"[3964.0, 1807.0]","[26.0, 26.0]"
compas,sklearn_DT,4,0.05,2,0.00445843004854396,0.6369779934153527,0.6243936243936244,144275.0,155817.0,3,4,0.9259259259259259,2.0,8,"[1874.0, 2090.0, 589.0, 1218.0]","[25.0, 25.0, 25.0, 25.0]"
compas,sklearn_DT,4,0.05,3,0.0065279550035484135,0.6487610466123722,0.6715176715176715,139093.0,155817.0,6,7,0.8926689642336844,2.8979379656905215,20,"[316.0, 1558.0, 900.0, 1190.0, 589.0, 351.0, 867.0]","[24.0, 24.0, 24.0, 24.0, 25.0, 24.0, 24.0]"
compas,sklearn_DT,4,0.05,4,0.005665298958774656,0.6638364234967943,0.6638946638946639,134578.0,155817.0,10,11,0.8636926651135627,3.680298041933807,40,"[316.0, 807.0, 751.0, 573.0, 617.0, 539.0, 361.0, 589.0, 351.0, 553.0, 314.0]","[24.0, 23.0, 23.0, 23.0, 23.0, 23.0, 23.0, 25.0, 24.0, 23.0, 23.0]"
compas,sklearn_DT,4,0.05,5,0.006687148998025805,0.6643562640790158,0.6763686763686764,132403.0,155817.0,13,14,0.8497339828131718,4.0571824640443594,58,"[316.0, 327.0, 480.0, 368.0, 383.0, 573.0, 296.0, 321.0, 539.0, 361.0, 589.0, 351.0, 553.0, 314.0]","[24.0, 22.0, 22.0, 22.0, 22.0, 23.0, 22.0, 22.0, 23.0, 23.0, 25.0, 24.0, 23.0, 23.0]"
compas,sklearn_DT,4,0.05,6,0.0075136200175620615,0.6643562640790158,0.6763686763686764,132403.0,155817.0,13,14,0.8497339828131718,4.0571824640443594,58,"[316.0, 327.0, 480.0, 368.0, 383.0, 573.0, 296.0, 321.0, 539.0, 361.0, 589.0, 351.0, 553.0, 314.0]","[24.0, 22.0, 22.0, 22.0, 22.0, 23.0, 22.0, 22.0, 23.0, 23.0, 25.0, 24.0, 23.0, 23.0]"
compas,sklearn_DT,4,0.05,7,0.005595396971330047,0.6643562640790158,0.6763686763686764,132403.0,155817.0,13,14,0.8497339828131718,4.0571824640443594,58,"[316.0, 327.0, 480.0, 368.0, 383.0, 573.0, 296.0, 321.0, 539.0, 361.0, 589.0, 351.0, 553.0, 314.0]","[24.0, 22.0, 22.0, 22.0, 22.0, 23.0, 22.0, 22.0, 23.0, 23.0, 25.0, 24.0, 23.0, 23.0]"
compas,sklearn_DT,4,0.05,8,0.005608846899122,0.6643562640790158,0.6763686763686764,132403.0,155817.0,13,14,0.8497339828131718,4.0571824640443594,58,"[316.0, 327.0, 480.0, 368.0, 383.0, 573.0, 296.0, 321.0, 539.0, 361.0, 589.0, 351.0, 553.0, 314.0]","[24.0, 22.0, 22.0, 22.0, 22.0, 23.0, 22.0, 22.0, 23.0, 23.0, 25.0, 24.0, 23.0, 23.0]"
compas,sklearn_DT,4,0.05,9,0.00554562802426517,0.6643562640790158,0.6763686763686764,132403.0,155817.0,13,14,0.8497339828131718,4.0571824640443594,58,"[316.0, 327.0, 480.0, 368.0, 383.0, 573.0, 296.0, 321.0, 539.0, 361.0, 589.0, 351.0, 553.0, 314.0]","[24.0, 22.0, 22.0, 22.0, 22.0, 23.0, 22.0, 22.0, 23.0, 23.0, 25.0, 24.0, 23.0, 23.0]"
compas,sklearn_DT,4,0.05,10,0.0055353480856865644,0.6643562640790158,0.6763686763686764,132403.0,155817.0,13,14,0.8497339828131718,4.0571824640443594,58,"[316.0, 327.0, 480.0, 368.0, 383.0, 573.0, 296.0, 321.0, 539.0, 361.0, 589.0, 351.0, 553.0, 314.0]","[24.0, 22.0, 22.0, 22.0, 22.0, 23.0, 22.0, 22.0, 23.0, 23.0, 25.0, 24.0, 23.0, 23.0]"
